Edge,Method,fused m(e),fused m(not e),fused m(50-50),Bel (e),Pl (e),BetP
age --> copd,Simple Average,0.550000012,0.237500025,0.212499963,0.550000012,0.762499975,0.656249994
age --> copd,DST,0.995322611,0.004656601,2.08E-05,0.995322611,0.995343399,0.995333005
age --> copd,Yager,0.784963443,0.046356102,0.168680454,0.784963443,0.953643898,0.86930367
age --> copd,Murphy,0.985497178,0.014466961,3.59E-05,0.985497178,0.985533039,0.985515108
age --> copd,Dubois-Prade,0.784963443,0.046356102,0.168680454,0.784963443,0.953643898,0.86930367
age --> copd,PCR5,0.956330562,0.043668238,1.20E-06,0.956330562,0.956331762,0.956331162
age --> death,Simple Average,0.862499525,0.075000237,0.062500237,0.862499525,0.924999763,0.893749644
age --> death,DST,1,4.56E-12,4.75E-19,1,1,1
age --> death,Yager,0.88892027,0.006827053,0.104252677,0.88892027,0.993172947,0.941046609
age --> death,Murphy,0.999999762,2.38E-07,4.34E-10,0.999999762,0.999999762,0.999999762
age --> death,Dubois-Prade,0.88892027,0.006827053,0.104252677,0.88892027,0.993172947,0.941046609
age --> death,PCR5,0.990192039,0.009807961,2.50E-19,0.990192039,0.990192039,0.990192039
age --> gender,Simple Average,0.01250075,0.831249006,0.156250244,0.01250075,0.168750994,0.090625872
age --> gender,DST,1.73E-26,1,4.16E-28,1.73E-26,1.77E-26,1.75E-26
age --> gender,Yager,6.00E-08,0.997498937,0.002501003,6.00E-08,0.002501063,0.001250561
age --> gender,Murphy,3.34E-07,0.999999273,3.93E-07,3.34E-07,7.27E-07,5.31E-07
age --> gender,Dubois-Prade,6.00E-08,0.997498937,0.002501003,6.00E-08,0.002501063,0.001250561
age --> gender,PCR5,8.18E-06,0.999991824,3.75E-28,8.18E-06,8.18E-06,8.18E-06
age --> ischemicHd,Simple Average,0.762499713,0.068750375,0.168749913,0.762499713,0.931249625,0.846874669
age --> ischemicHd,DST,0.999990253,9.46E-06,2.89E-07,0.999990253,0.999990542,0.999990398
age --> ischemicHd,Yager,0.877518419,0.013863587,0.108617994,0.877518419,0.986136413,0.931827416
age --> ischemicHd,Murphy,0.999982103,1.67E-05,1.16E-06,0.999982103,0.999983266,0.999982684
age --> ischemicHd,Dubois-Prade,0.877518419,0.013863587,0.108617994,0.877518419,0.986136413,0.931827416
age --> ischemicHd,PCR5,0.988333119,0.011666721,1.60E-07,0.988333119,0.988333279,0.988333199
age --> lactate,Simple Average,0.312500187,0.362499962,0.32499985,0.312500187,0.637500038,0.475000112
age --> lactate,DST,0.275980554,0.724019443,2.56E-09,0.275980554,0.275980557,0.275980556
age --> lactate,Yager,0.325149048,0.329632949,0.345218003,0.325149048,0.670367051,0.49775805
age --> lactate,Murphy,0.352371565,0.646013293,0.001615141,0.352371565,0.353986707,0.353179136
age --> lactate,Dubois-Prade,0.325149048,0.329632949,0.345218003,0.325149048,0.670367051,0.49775805
age --> lactate,PCR5,0.467387262,0.532612738,7.20E-11,0.467387262,0.467387262,0.467387262
age --> pao2,Simple Average,0.574999938,0.181250125,0.243749938,0.574999938,0.818749875,0.696874906
age --> pao2,DST,0.996600193,0.003372825,2.70E-05,0.996600193,0.996627175,0.996613684
age --> pao2,Yager,0.82736836,0.03107088,0.14156076,0.82736836,0.96892912,0.89814874
age --> pao2,Murphy,0.994756208,0.005182403,6.14E-05,0.994756208,0.994817597,0.994786903
age --> pao2,Dubois-Prade,0.82736836,0.03107088,0.14156076,0.82736836,0.96892912,0.89814874
age --> pao2,PCR5,0.970826207,0.029169293,4.50E-06,0.970826207,0.970830707,0.970828457
age --> peakAirPressure,Simple Average,0.4624999,0.293750125,0.243749975,0.4624999,0.706249875,0.584374888
age --> peakAirPressure,DST,0.934869414,0.06502458,0.000106006,0.934869414,0.93497542,0.934922417
age --> peakAirPressure,Yager,0.429206013,0.245846593,0.324947394,0.429206013,0.754153407,0.59167971
age --> peakAirPressure,Murphy,0.898814384,0.101004629,0.000180987,0.898814384,0.898995371,0.898904878
age --> peakAirPressure,Dubois-Prade,0.429206013,0.245846593,0.324947394,0.429206013,0.754153407,0.59167971
age --> peakAirPressure,PCR5,0.705216974,0.294777401,5.62E-06,0.705216974,0.705222599,0.705219787
age --> peep,Simple Average,0.36249985,0.45625005,0.1812501,0.36249985,0.54374995,0.4531249
age --> peep,DST,0.122462813,0.877537187,4.86E-10,0.122462813,0.122462813,0.122462813
age --> peep,Yager,0.150389853,0.418603998,0.431006149,0.150389853,0.581396002,0.365892927
age --> peep,Murphy,0.21880009,0.781166556,3.34E-05,0.21880009,0.218833444,0.218816767
age --> peep,Dubois-Prade,0.150389853,0.418603998,0.431006149,0.150389853,0.581396002,0.365892927
age --> peep,PCR5,0.269295819,0.730704181,7.50E-12,0.269295819,0.269295819,0.269295819
age --> sao2,Simple Average,0.6437499,0.168750125,0.187499975,0.6437499,0.831249875,0.737499888
age --> sao2,DST,0.99931963,0.000677346,3.02E-06,0.99931963,0.999322654,0.999321142
age --> sao2,Yager,0.817049583,0.035799525,0.147150892,0.817049583,0.964200475,0.890625029
age --> sao2,Murphy,0.998863168,0.001130138,6.69E-06,0.998863168,0.998869862,0.998866515
age --> sao2,Dubois-Prade,0.817049583,0.035799525,0.147150892,0.817049583,0.964200475,0.890625029
age --> sao2,PCR5,0.976258205,0.023741155,6.40E-07,0.976258205,0.976258845,0.976258525
age --> smoker,Simple Average,0.537499838,0.349999913,0.11250025,0.537499838,0.650000087,0.593749963
age --> smoker,DST,0.980019403,0.019980597,1.44E-16,0.980019403,0.980019403,0.980019403
age --> smoker,Yager,0.400079255,0.232789148,0.367131598,0.400079255,0.767210852,0.583645054
age --> smoker,Murphy,0.938347346,0.061651898,7.56E-07,0.938347346,0.938348102,0.938347724
age --> smoker,Dubois-Prade,0.400079255,0.232789148,0.367131598,0.400079255,0.767210852,0.583645054
age --> smoker,PCR5,0.642117416,0.357882584,3.00E-18,0.642117416,0.642117416,0.642117416
age --> trauma,Simple Average,0.656249725,0.143750225,0.20000005,0.656249725,0.856249775,0.75624975
age --> trauma,DST,0.99973746,0.00026254,3.28E-11,0.99973746,0.99973746,0.99973746
age --> trauma,Yager,0.78777217,0.038055316,0.174172514,0.78777217,0.961944684,0.874858427
age --> trauma,Murphy,0.999325702,0.000665443,8.85E-06,0.999325702,0.999334557,0.99933013
age --> trauma,Dubois-Prade,0.78777217,0.038055316,0.174172514,0.78777217,0.961944684,0.874858427
age --> trauma,PCR5,0.969763666,0.030236334,9.00E-12,0.969763666,0.969763666,0.969763666
apsiii --> death,Simple Average,0.556249956,0.318749825,0.125000219,0.556249956,0.681250175,0.618750066
apsiii --> death,DST,0.000514513,0.999485487,3.25E-14,0.000514513,0.000514513,0.000514513
apsiii --> death,Yager,0.783628169,0.040862821,0.175509011,0.783628169,0.959137179,0.871382674
apsiii --> death,Murphy,0.968609129,0.031389627,1.24E-06,0.968609129,0.968610373,0.968609751
apsiii --> death,Dubois-Prade,0.783628169,0.040862821,0.175509011,0.783628169,0.959137179,0.871382674
apsiii --> death,PCR5,0.933719586,0.066280414,1.41E-17,0.933719586,0.933719586,0.933719586
apsiii --> hemoglobin,Simple Average,0.210416867,0.641666092,0.147917042,0.210416867,0.358333908,0.284375387
apsiii --> hemoglobin,DST,2.46E-13,1,4.12E-21,2.46E-13,2.46E-13,2.46E-13
apsiii --> hemoglobin,Yager,0.117500081,0.549166585,0.333333333,0.117500081,0.450833415,0.284166748
apsiii --> hemoglobin,Murphy,0.001794626,0.99820386,1.51E-06,0.001794626,0.00179614,0.001795383
apsiii --> hemoglobin,Dubois-Prade,0.117500081,0.549166585,0.333333333,0.117500081,0.450833415,0.284166748
apsiii --> hemoglobin,PCR5,0.129123801,0.870876199,5.00E-22,0.129123801,0.129123801,0.129123801
apsiii --> lactate,Simple Average,0.38750025,0.4812495,0.13125025,0.38750025,0.5187505,0.453125375
apsiii --> lactate,DST,4.32E-11,1,2.08E-15,4.32E-11,4.32E-11,4.32E-11
apsiii --> lactate,Yager,0.56070017,0.100599964,0.338699866,0.56070017,0.899400036,0.730050103
apsiii --> lactate,Murphy,0.209321385,0.7906751,3.52E-06,0.209321385,0.2093249,0.209323143
apsiii --> lactate,Dubois-Prade,0.56070017,0.100599964,0.338699866,0.56070017,0.899400036,0.730050103
apsiii --> lactate,PCR5,0.641758212,0.358241788,1.50E-17,0.641758212,0.641758212,0.641758212
apsiii --> oxygenation,Simple Average,0.28750025,0.5437495,0.16875025,0.28750025,0.4562505,0.371875375
apsiii --> oxygenation,DST,2.95E-12,1,7.32E-16,2.95E-12,2.95E-12,2.95E-12
apsiii --> oxygenation,Yager,0.395200122,0.275199907,0.329599971,0.395200122,0.724800093,0.560000108
apsiii --> oxygenation,Murphy,0.027484849,0.972505522,9.63E-06,0.027484849,0.027494478,0.027489663
apsiii --> oxygenation,Dubois-Prade,0.395200122,0.275199907,0.329599971,0.395200122,0.724800093,0.560000108
apsiii --> oxygenation,PCR5,0.39622717,0.60377283,3.00E-17,0.39622717,0.39622717,0.39622717
apsiii --> paco2,Simple Average,0.185417042,0.641665917,0.172917042,0.185417042,0.358334083,0.271875562
apsiii --> paco2,DST,1.89E-18,1,6.35E-21,1.89E-18,1.90E-18,1.89E-18
apsiii --> paco2,Yager,0.184166704,0.482499963,0.333333333,0.184166704,0.517500037,0.35083337
apsiii --> paco2,Murphy,0.001396165,0.998599718,4.12E-06,0.001396165,0.001400282,0.001398224
apsiii --> paco2,Dubois-Prade,0.184166704,0.482499963,0.333333333,0.184166704,0.517500037,0.35083337
apsiii --> paco2,PCR5,0.201125015,0.798874985,1.00E-21,0.201125015,0.201125015,0.201125015
apsiii --> pao2,Simple Average,0.229167042,0.566666067,0.204166892,0.229167042,0.433333933,0.331250487
apsiii --> pao2,DST,8.93E-13,1,3.43E-15,8.93E-13,8.96E-13,8.94E-13
apsiii --> pao2,Yager,0.314000092,0.352666575,0.333333333,0.314000092,0.647333425,0.480666758
apsiii --> pao2,Murphy,0.009852432,0.990123585,2.40E-05,0.009852432,0.009876415,0.009864423
apsiii --> pao2,Dubois-Prade,0.314000092,0.352666575,0.333333333,0.314000092,0.647333425,0.480666758
apsiii --> pao2,PCR5,0.333012044,0.666987956,3.20E-16,0.333012044,0.333012044,0.333012044
apsiii --> peep,Simple Average,0.316666917,0.485416167,0.197916917,0.316666917,0.514583833,0.415625375
apsiii --> peep,DST,1.26E-11,1,6.25E-15,1.26E-11,1.26E-11,1.26E-11
apsiii --> peep,Yager,0.428666726,0.237999941,0.333333333,0.428666726,0.762000059,0.595333392
apsiii --> peep,Murphy,0.093683164,0.906271952,4.49E-05,0.093683164,0.093728048,0.093705606
apsiii --> peep,Dubois-Prade,0.428666726,0.237999941,0.333333333,0.428666726,0.762000059,0.595333392
apsiii --> peep,PCR5,0.546852363,0.453147637,1.50E-16,0.546852363,0.546852363,0.546852363
apsiii --> sofa,Simple Average,0.574999844,0.281249869,0.143750287,0.574999844,0.718750131,0.646874988
apsiii --> sofa,DST,0.992364084,0.007635917,8.14E-16,0.992364084,0.992364084,0.992364084
apsiii --> sofa,Yager,0.979961422,1.51E-07,0.020038427,0.979961422,0.999999849,0.989980635
apsiii --> sofa,Murphy,0.985275251,0.014722227,2.52E-06,0.985275251,0.985277773,0.985276512
apsiii --> sofa,Dubois-Prade,0.979961422,1.51E-07,0.020038427,0.979961422,0.999999849,0.989980635
apsiii --> sofa,PCR5,0.991591349,0.008408651,2.00E-22,0.991591349,0.991591349,0.991591349
ards --> paco2,Simple Average,0.7062495,0.18125025,0.11250025,0.7062495,0.81874975,0.762499625
ards --> paco2,DST,1,4.81E-14,5.73E-17,1,1,1
ards --> paco2,Yager,0.713928061,0.03199693,0.254075009,0.713928061,0.96800307,0.840965566
ards --> paco2,Murphy,0.999725527,0.000274346,1.27E-07,0.999725527,0.999725654,0.99972559
ards --> paco2,Dubois-Prade,0.713928061,0.03199693,0.254075009,0.713928061,0.96800307,0.840965566
ards --> paco2,PCR5,0.938925131,0.061074869,7.50E-18,0.938925131,0.938925131,0.938925131
ards --> peep,Simple Average,0.774999513,0.137500275,0.087500212,0.774999513,0.862499725,0.818749619
ards --> peep,DST,1,1.63E-15,6.84E-18,1,1,1
ards --> peep,Yager,0.886219982,0.008075009,0.105705008,0.886219982,0.991924991,0.939072487
ards --> peep,Murphy,0.999978552,2.14E-05,1.12E-08,0.999978552,0.999978563,0.999978558
ards --> peep,Dubois-Prade,0.886219982,0.008075009,0.105705008,0.886219982,0.991924991,0.939072487
ards --> peep,PCR5,0.98836447,0.01163553,1.00E-18,0.98836447,0.98836447,0.98836447
copd --> age,Simple Average,0.281250131,0.606249625,0.112500244,0.281250131,0.393750375,0.337500253
copd --> age,DST,2.41E-12,1,3.13E-16,2.41E-12,2.41E-12,2.41E-12
copd --> age,Yager,4.71E-07,0.900761351,0.099238178,4.71E-07,0.099238649,0.04961956
copd --> age,Murphy,0.008046695,0.991952947,3.57E-07,0.008046695,0.008047053,0.008046874
copd --> age,Dubois-Prade,4.71E-07,0.900761351,0.099238178,4.71E-07,0.099238649,0.04961956
copd --> age,PCR5,0.015069807,0.984930193,3.12E-18,0.015069807,0.015069807,0.015069807
copd --> fio2,Simple Average,0.572916554,0.210416729,0.216666717,0.572916554,0.789583271,0.681249913
copd --> fio2,DST,0.995508975,0.004491025,1.17E-10,0.995508975,0.995508975,0.995508975
copd --> fio2,Yager,0.60963598,0.057030687,0.333333333,0.60963598,0.942969313,0.776302647
copd --> fio2,Murphy,0.992726192,0.007241893,3.19E-05,0.992726192,0.992758107,0.992742149
copd --> fio2,Dubois-Prade,0.60963598,0.057030687,0.333333333,0.60963598,0.942969313,0.776302647
copd --> fio2,PCR5,0.899253966,0.100746034,1.50E-11,0.899253966,0.899253966,0.899253966
copd --> lactate,Simple Average,0.412500137,0.25625015,0.331249713,0.412500137,0.74374985,0.578124994
copd --> lactate,DST,0.927500872,0.072015805,0.000483322,0.927500872,0.927984195,0.927742533
copd --> lactate,Yager,0.454027988,0.203132014,0.342839998,0.454027988,0.796867986,0.625447987
copd --> lactate,Murphy,0.868193599,0.130460174,0.001346227,0.868193599,0.869539826,0.868866712
copd --> lactate,Dubois-Prade,0.454027988,0.203132014,0.342839998,0.454027988,0.796867986,0.625447987
copd --> lactate,PCR5,0.733819899,0.266156101,2.40E-05,0.733819899,0.733843899,0.733831899
copd --> minVentVol,Simple Average,0.699999425,0.131250375,0.1687502,0.699999425,0.868749625,0.784374525
copd --> minVentVol,DST,1,4.21E-14,1.98E-16,1,1,1
copd --> minVentVol,Yager,0.928358749,4.02E-07,0.071640848,0.928358749,0.999999598,0.964179173
copd --> minVentVol,Murphy,0.999797823,0.000200151,2.03E-06,0.999797823,0.999799849,0.999798836
copd --> minVentVol,Dubois-Prade,0.928358749,4.02E-07,0.071640848,0.928358749,0.999999598,0.964179173
copd --> minVentVol,PCR5,0.994883184,0.005116816,6.00E-17,0.994883184,0.994883184,0.994883184
copd --> paco2,Simple Average,0.78749965,0.10000025,0.1125001,0.78749965,0.89999975,0.8437497
copd --> paco2,DST,1,1.98E-10,9.49E-13,1,1,1
copd --> paco2,Yager,0.857043233,0.021625306,0.121331461,0.857043233,0.978374694,0.917708963
copd --> paco2,Murphy,0.999990341,9.60E-06,5.96E-08,0.999990341,0.999990401,0.999990371
copd --> paco2,Dubois-Prade,0.857043233,0.021625306,0.121331461,0.857043233,0.978374694,0.917708963
copd --> paco2,PCR5,0.984936452,0.015063548,4.00E-13,0.984936452,0.984936452,0.984936452
copd --> peep,Simple Average,0.593749775,0.26875,0.137500225,0.593749775,0.73125,0.662499888
copd --> peep,DST,0.991501375,0.008498626,5.53E-11,0.991501375,0.991501375,0.991501375
copd --> peep,Yager,1.58E-06,0.336903505,0.663094918,1.58E-06,0.663096495,0.331549036
copd --> peep,Murphy,0.991007109,0.008991342,1.55E-06,0.991007109,0.991008658,0.991007883
copd --> peep,Dubois-Prade,1.58E-06,0.336903505,0.663094918,1.58E-06,0.663096495,0.331549036
copd --> peep,PCR5,0.440935179,0.559064821,3.00E-17,0.440935179,0.440935179,0.440935179
copd --> smoker,Simple Average,0.206250412,0.599999544,0.193750044,0.206250412,0.400000456,0.303125434
copd --> smoker,DST,4.31E-09,0.999999996,6.25E-11,4.31E-09,4.38E-09,4.34E-09
copd --> smoker,Yager,0.023096073,0.488306771,0.488597155,0.023096073,0.511693229,0.267394651
copd --> smoker,Murphy,0.004129531,0.995857918,1.26E-05,0.004129531,0.004142082,0.004135806
copd --> smoker,Dubois-Prade,0.023096073,0.488306771,0.488597155,0.023096073,0.511693229,0.267394651
copd --> smoker,PCR5,0.173279424,0.826720576,5.62E-12,0.173279424,0.173279424,0.173279424
copd --> sofa,Simple Average,0.412499925,0.23750025,0.349999825,0.412499925,0.76249975,0.587499838
copd --> sofa,DST,0.883936359,0.115708345,0.000355296,0.883936359,0.884291655,0.884114007
copd --> sofa,Yager,0.337904358,0.211063519,0.451032123,0.337904358,0.788936481,0.56342042
copd --> sofa,Murphy,0.889321951,0.108921984,0.001756065,0.889321951,0.891078016,0.890199984
copd --> sofa,Dubois-Prade,0.337904358,0.211063519,0.451032123,0.337904358,0.788936481,0.56342042
copd --> sofa,PCR5,0.677309684,0.322657916,3.24E-05,0.677309684,0.677342084,0.677325884
copd --> spo2,Simple Average,0.68124965,0.19375025,0.1250001,0.68124965,0.80624975,0.7437497
copd --> spo2,DST,0.999999993,6.61E-09,8.51E-12,0.999999993,0.999999993,0.999999993
copd --> spo2,Yager,0.175199042,0.169846596,0.654954362,0.175199042,0.830153404,0.502676223
copd --> spo2,Murphy,0.999403529,0.000596138,3.34E-07,0.999403529,0.999403862,0.999403695
copd --> spo2,Dubois-Prade,0.175199042,0.169846596,0.654954362,0.175199042,0.830153404,0.502676223
copd --> spo2,PCR5,0.618939926,0.381060074,7.50E-13,0.618939926,0.618939926,0.618939926
death --> age,Simple Average,0.395138526,0.565972091,0.038889383,0.395138526,0.434027909,0.414583218
death --> age,DST,0.999242089,0.000759415,6.94E-20,0.999242089,0.999242089,0.999242089
death --> age,Yager,1.38E-07,0.990721002,0.00927886,1.38E-07,0.009278998,0.004639568
death --> age,Murphy,0.065673835,0.934326165,2.73E-10,0.065673835,0.065673835,0.065673835
death --> age,Dubois-Prade,1.38E-07,0.990721002,0.00927886,1.38E-07,0.009278998,0.004639568
death --> age,PCR5,0.001409005,0.998590995,2.78E-29,0.001409005,0.001409005,0.001409005
death --> apsiii,Simple Average,0.206250125,0.687499525,0.10625035,0.206250125,0.312500475,0.2593753
death --> apsiii,DST,4.16E-09,0.999999996,6.50E-17,4.16E-09,4.16E-09,4.16E-09
death --> apsiii,Yager,1.32E-07,0.991498842,0.008501026,1.32E-07,0.008501158,0.004250645
death --> apsiii,Murphy,0.000576777,0.99942312,1.03E-07,0.000576777,0.00057688,0.000576829
death --> apsiii,Dubois-Prade,1.32E-07,0.991498842,0.008501026,1.32E-07,0.008501158,0.004250645
death --> apsiii,PCR5,0.000245123,0.999754877,6.00E-23,0.000245123,0.000245123,0.000245123
death --> fio2,Simple Average,0.15000025,0.662499638,0.187500112,0.15000025,0.337500362,0.243750306
death --> fio2,DST,1.48E-09,0.999999999,9.23E-17,1.48E-09,1.48E-09,1.48E-09
death --> fio2,Yager,1.22E-07,0.993073849,0.006926029,1.22E-07,0.006926151,0.003463136
death --> fio2,Murphy,0.000611813,0.999382584,5.60E-06,0.000611813,0.000617416,0.000614615
death --> fio2,Dubois-Prade,1.22E-07,0.993073849,0.006926029,1.22E-07,0.006926151,0.003463136
death --> fio2,PCR5,0.000211201,0.999788799,1.50E-22,0.000211201,0.000211201,0.000211201
death --> hemoglobin,Simple Average,0.206250125,0.649999513,0.143750362,0.206250125,0.350000487,0.278125306
death --> hemoglobin,DST,9.26E-09,0.999999991,3.09E-16,9.26E-09,9.26E-09,9.26E-09
death --> hemoglobin,Yager,1.89E-07,0.972573791,0.027426019,1.89E-07,0.027426209,0.013713199
death --> hemoglobin,Murphy,0.001425963,0.998572881,1.16E-06,0.001425963,0.001427119,0.001426541
death --> hemoglobin,Dubois-Prade,1.89E-07,0.972573791,0.027426019,1.89E-07,0.027426209,0.013713199
death --> hemoglobin,PCR5,0.001223706,0.998776294,3.00E-22,0.001223706,0.001223706,0.001223706
death --> lactate,Simple Average,0.368749888,0.512499613,0.1187505,0.368749888,0.487500387,0.428125137
death --> lactate,DST,3.53E-06,0.999996482,5.81E-20,3.53E-06,3.53E-06,3.53E-06
death --> lactate,Yager,4.44E-07,0.904673938,0.095325618,4.44E-07,0.095326062,0.047663253
death --> lactate,Murphy,0.112315852,0.887682756,1.39E-06,0.112315852,0.112317244,0.112316548
death --> lactate,Dubois-Prade,4.44E-07,0.904673938,0.095325618,4.44E-07,0.095326062,0.047663253
death --> lactate,PCR5,0.04688381,0.95311619,2.40E-27,0.04688381,0.04688381,0.04688381
death --> peakAirPressure,Simple Average,0.0750005,0.76249915,0.16250035,0.0750005,0.23750085,0.156250675
death --> peakAirPressure,DST,6.87E-20,1,1.46E-21,6.87E-20,7.02E-20,6.94E-20
death --> peakAirPressure,Yager,1.08E-07,0.988498889,0.011501003,1.08E-07,0.011501111,0.005750609
death --> peakAirPressure,Murphy,1.80E-05,0.999981112,9.07E-07,1.80E-05,1.89E-05,1.84E-05
death --> peakAirPressure,Dubois-Prade,1.08E-07,0.988498889,0.011501003,1.08E-07,0.011501111,0.005750609
death --> peakAirPressure,PCR5,6.78E-05,0.999932174,7.50E-22,6.78E-05,6.78E-05,6.78E-05
death --> spo2,Simple Average,0.257143,0.678570871,0.064286129,0.257143,0.321429129,0.289286064
death --> spo2,DST,2.16E-08,0.999999979,2.31E-16,2.16E-08,2.16E-08,2.16E-08
death --> spo2,Yager,3.49E-08,0.999998736,1.23E-06,3.49E-08,1.26E-06,6.50E-07
death --> spo2,Murphy,0.002831542,0.997168421,3.62E-08,0.002831542,0.002831579,0.00283156
death --> spo2,Dubois-Prade,3.49E-08,0.999998736,1.23E-06,3.49E-08,1.26E-06,6.50E-07
death --> spo2,PCR5,0.000240902,0.999759098,1.50E-22,0.000240902,0.000240902,0.000240902
fio2 --> copd,Simple Average,0.068750481,0.643749438,0.287500081,0.068750481,0.356250562,0.212500522
fio2 --> copd,DST,1.63E-14,1,1.11E-15,1.63E-14,1.74E-14,1.69E-14
fio2 --> copd,Yager,6.12E-08,0.995052793,0.004947146,6.12E-08,0.004947207,0.002473634
fio2 --> copd,Murphy,0.000376022,0.999541486,8.25E-05,0.000376022,0.000458514,0.000417268
fio2 --> copd,Dubois-Prade,6.12E-08,0.995052793,0.004947146,6.12E-08,0.004947207,0.002473634
fio2 --> copd,PCR5,2.47E-05,0.99997531,6.12E-16,2.47E-05,2.47E-05,2.47E-05
fio2 --> death,Simple Average,0.672916104,0.154166892,0.172917004,0.672916104,0.845833108,0.759374606
fio2 --> death,DST,0.999999998,1.77E-09,6.59E-21,0.999999998,0.999999998,0.999999998
fio2 --> death,Yager,0.552269982,0.114396684,0.333333333,0.552269982,0.885603316,0.718936649
fio2 --> death,Murphy,0.999500219,0.000496732,3.05E-06,0.999500219,0.999503268,0.999501743
fio2 --> death,Dubois-Prade,0.552269982,0.114396684,0.333333333,0.552269982,0.885603316,0.718936649
fio2 --> death,PCR5,0.870669414,0.129330586,1.56E-21,0.870669414,0.870669414,0.870669414
fio2 --> gender,Simple Average,0.025000625,0.849998888,0.125000487,0.025000625,0.150001112,0.087500869
fio2 --> gender,DST,1.75E-26,1,2.46E-28,1.75E-26,1.77E-26,1.76E-26
fio2 --> gender,Yager,2.50E-09,0.999998943,1.05E-06,2.50E-09,1.06E-06,5.30E-07
fio2 --> gender,Murphy,2.41E-07,0.999999686,7.30E-08,2.41E-07,3.14E-07,2.77E-07
fio2 --> gender,Dubois-Prade,2.50E-09,0.999998943,1.05E-06,2.50E-09,1.06E-06,5.30E-07
fio2 --> gender,PCR5,6.20E-11,1,2.00E-28,6.20E-11,6.20E-11,6.20E-11
fio2 --> lactate,Simple Average,0.381250275,0.368749888,0.249999838,0.381250275,0.631250112,0.506250194
fio2 --> lactate,DST,2.47E-05,0.999975337,3.61E-09,2.47E-05,2.47E-05,2.47E-05
fio2 --> lactate,Yager,1.08E-06,0.658082554,0.341916365,1.08E-06,0.341917446,0.170959264
fio2 --> lactate,Murphy,0.53976706,0.45990607,0.00032687,0.53976706,0.54009393,0.539930495
fio2 --> lactate,Dubois-Prade,1.08E-06,0.658082554,0.341916365,1.08E-06,0.341917446,0.170959264
fio2 --> lactate,PCR5,0.236324197,0.763675803,7.50E-12,0.236324197,0.236324197,0.236324197
fio2 --> oxygenation,Simple Average,0.706249263,0.225000112,0.068750625,0.706249263,0.774999888,0.740624575
fio2 --> oxygenation,DST,1.000000001,4.94E-14,6.86E-27,1.000000001,1.000000001,1.000000001
fio2 --> oxygenation,Yager,1.40E-06,0.535499002,0.464499601,1.40E-06,0.464500998,0.232251197
fio2 --> oxygenation,Murphy,0.999574173,0.000425824,3.83E-09,0.999574173,0.999574176,0.999574174
fio2 --> oxygenation,Dubois-Prade,1.40E-06,0.535499002,0.464499601,1.40E-06,0.464500998,0.232251197
fio2 --> oxygenation,PCR5,0.372605808,0.627394192,5.00E-33,0.372605808,0.372605808,0.372605808
fio2 --> paco2,Simple Average,0.268750225,0.35,0.381249775,0.268750225,0.65,0.459375112
fio2 --> paco2,DST,2.15E-06,0.999997837,8.55E-09,2.15E-06,2.16E-06,2.16E-06
fio2 --> paco2,Yager,1.07E-06,0.63159415,0.368404778,1.07E-06,0.36840585,0.184203461
fio2 --> paco2,Murphy,0.277605839,0.718450269,0.003943892,0.277605839,0.281549731,0.279577785
fio2 --> paco2,Dubois-Prade,1.07E-06,0.63159415,0.368404778,1.07E-06,0.36840585,0.184203461
fio2 --> paco2,PCR5,0.18903266,0.810967339,4.80E-10,0.18903266,0.189032661,0.18903266
fio2 --> pao2,Simple Average,0.79374915,0.08125035,0.1250005,0.79374915,0.91874965,0.8562494
fio2 --> pao2,DST,1,2.92E-20,1.98E-27,1,1,1
fio2 --> pao2,Yager,0.985748854,1.71E-07,0.014250975,0.985748854,0.999999829,0.992874341
fio2 --> pao2,Murphy,0.99999355,6.33E-06,1.17E-07,0.99999355,0.999993667,0.999993608
fio2 --> pao2,Dubois-Prade,0.985748854,1.71E-07,0.014250975,0.985748854,0.999999829,0.992874341
fio2 --> pao2,PCR5,0.999816378,0.000183622,9.75E-28,0.999816378,0.999816378,0.999816378
fio2 --> peakAirPressure,Simple Average,0.187500237,0.425,0.387499763,0.187500237,0.575,0.381250119
fio2 --> peakAirPressure,DST,3.03E-07,0.999999695,1.83E-09,3.03E-07,3.05E-07,3.04E-07
fio2 --> peakAirPressure,Yager,5.97E-07,0.856346386,0.143653017,5.97E-07,0.143653614,0.071827106
fio2 --> peakAirPressure,Murphy,0.056816226,0.940659236,0.002524538,0.056816226,0.059340764,0.058078495
fio2 --> peakAirPressure,Dubois-Prade,5.97E-07,0.856346386,0.143653017,5.97E-07,0.143653614,0.071827106
fio2 --> peakAirPressure,PCR5,0.050229869,0.949770131,2.70E-10,0.050229869,0.050229869,0.050229869
fio2 --> peep,Simple Average,0.410416717,0.166666917,0.422916367,0.410416717,0.833333083,0.6218749
fio2 --> peep,DST,0.962533362,0.036574578,0.00089206,0.962533362,0.963425422,0.962979392
fio2 --> peep,Yager,0.472108273,0.194558394,0.333333333,0.472108273,0.805441606,0.63877494
fio2 --> peep,Murphy,0.940684069,0.0551583,0.004157632,0.940684069,0.9448417,0.942762884
fio2 --> peep,Dubois-Prade,0.472108273,0.194558394,0.333333333,0.472108273,0.805441606,0.63877494
fio2 --> peep,PCR5,0.822143215,0.177656786,0.000199999,0.822143215,0.822343214,0.822243214
fio2 --> smoker,Simple Average,0.0687505,0.849999,0.0812505,0.0687505,0.150001,0.10937575
fio2 --> smoker,DST,8.28E-26,1,3.71E-28,8.28E-26,8.32E-26,8.30E-26
fio2 --> smoker,Yager,6.00E-09,0.999998924,1.07E-06,6.00E-09,1.08E-06,5.41E-07
fio2 --> smoker,Murphy,4.50E-07,0.999999547,3.36E-09,4.50E-07,4.53E-07,4.51E-07
fio2 --> smoker,Dubois-Prade,6.00E-09,0.999998924,1.07E-06,6.00E-09,1.08E-06,5.41E-07
fio2 --> smoker,PCR5,1.98E-10,1,2.00E-28,1.98E-10,1.98E-10,1.98E-10
fio2 --> sofa,Simple Average,0.756249388,0.093750375,0.150000237,0.756249388,0.906249625,0.831249506
fio2 --> sofa,DST,1,4.50E-15,6.86E-17,1,1,1
fio2 --> sofa,Yager,0.785199624,0.013300259,0.201500117,0.785199624,0.986699741,0.885949683
fio2 --> sofa,Murphy,0.999972611,2.68E-05,5.63E-07,0.999972611,0.999973175,0.999972893
fio2 --> sofa,Dubois-Prade,0.785199624,0.013300259,0.201500117,0.785199624,0.986699741,0.885949683
fio2 --> sofa,PCR5,0.963145979,0.036854021,3.00E-17,0.963145979,0.963145979,0.963145979
fio2 --> spo2,Simple Average,0.7812494,0.106250225,0.112500375,0.7812494,0.893749775,0.837499588
fio2 --> spo2,DST,1,4.52E-15,3.03E-22,1,1,1
fio2 --> spo2,Yager,0.852159986,0.022920005,0.124920009,0.852159986,0.977079995,0.914619991
fio2 --> spo2,Murphy,0.999987122,1.28E-05,6.30E-08,0.999987122,0.999987185,0.999987153
fio2 --> spo2,Dubois-Prade,0.852159986,0.022920005,0.124920009,0.852159986,0.977079995,0.914619991
fio2 --> spo2,PCR5,0.985150497,0.014849503,1.20E-22,0.985150497,0.985150497,0.985150497
fio2 --> trauma,Simple Average,0.100000475,0.81874905,0.081250475,0.100000475,0.18125095,0.140625712
fio2 --> trauma,DST,2.47E-20,1,1.54E-27,2.47E-20,2.47E-20,2.47E-20
fio2 --> trauma,Yager,1.06E-08,0.999998862,1.13E-06,1.06E-08,1.14E-06,5.74E-07
fio2 --> trauma,Murphy,2.70E-06,0.999997294,4.41E-09,2.70E-06,2.71E-06,2.70E-06
fio2 --> trauma,Dubois-Prade,1.06E-08,0.999998862,1.13E-06,1.06E-08,1.14E-06,5.74E-07
fio2 --> trauma,PCR5,2.17E-08,0.999999978,6.00E-28,2.17E-08,2.17E-08,2.17E-08
gender --> age,Simple Average,0.318750269,0.474999888,0.206249844,0.318750269,0.525000112,0.421875191
gender --> age,DST,5.05E-07,0.999999495,1.13E-10,5.05E-07,5.05E-07,5.05E-07
gender --> age,Yager,0.039708724,0.682530406,0.27776087,0.039708724,0.317469594,0.178589159
gender --> age,Murphy,0.110581867,0.889355355,6.28E-05,0.110581867,0.110644645,0.110613256
gender --> age,Dubois-Prade,0.039708724,0.682530406,0.27776087,0.039708724,0.317469594,0.178589159
gender --> age,PCR5,0.135356717,0.864643283,1.12E-12,0.135356717,0.135356717,0.135356717
gender --> fio2,Simple Average,0.154167042,0.610416054,0.235416904,0.154167042,0.389583946,0.271875494
gender --> fio2,DST,7.71E-14,1,4.60E-16,7.71E-14,7.76E-14,7.73E-14
gender --> fio2,Yager,0.208916708,0.457749959,0.333333333,0.208916708,0.542250041,0.375583375
gender --> fio2,Murphy,0.001985537,0.997978525,3.59E-05,0.001985537,0.002021475,0.002003506
gender --> fio2,Dubois-Prade,0.208916708,0.457749959,0.333333333,0.208916708,0.542250041,0.375583375
gender --> fio2,PCR5,0.19762465,0.80237535,1.07E-16,0.19762465,0.19762465,0.19762465
gender --> hemoglobin,Simple Average,0.481249813,0.30625015,0.212500037,0.481249813,0.69374985,0.587499831
gender --> hemoglobin,DST,0.999996701,3.30E-06,1.74E-09,0.999996701,0.999996703,0.999996702
gender --> hemoglobin,Yager,0.527595073,0.167274962,0.305129965,0.527595073,0.832725038,0.680160056
gender --> hemoglobin,Murphy,0.910961732,0.088967672,7.06E-05,0.910961732,0.911032328,0.91099703
gender --> hemoglobin,Dubois-Prade,0.527595073,0.167274962,0.305129965,0.527595073,0.832725038,0.680160056
gender --> hemoglobin,PCR5,0.725577961,0.274422039,1.50E-11,0.725577961,0.725577961,0.725577961
gender --> minVentVol,Simple Average,0.529166498,0.254166917,0.216666585,0.529166498,0.745833083,0.637499791
gender --> minVentVol,DST,0.988416641,0.011561909,2.15E-05,0.988416641,0.988438091,0.988427366
gender --> minVentVol,Yager,0.341474443,0.325192224,0.333333333,0.341474443,0.674807776,0.50814111
gender --> minVentVol,Murphy,0.975395835,0.024554688,4.95E-05,0.975395835,0.975445312,0.975420573
gender --> minVentVol,Dubois-Prade,0.341474443,0.325192224,0.333333333,0.341474443,0.674807776,0.50814111
gender --> minVentVol,PCR5,0.646803217,0.353195283,1.50E-06,0.646803217,0.646804717,0.646803967
gender --> oxygenation,Simple Average,0.162500375,0.631249388,0.206250237,0.162500375,0.368750612,0.265625494
gender --> oxygenation,DST,7.99E-14,1,7.28E-16,7.99E-14,8.07E-14,8.03E-14
gender --> oxygenation,Yager,0.124625071,0.431874958,0.443499971,0.124625071,0.568125042,0.346375057
gender --> oxygenation,Murphy,0.001397005,0.998589484,1.35E-05,0.001397005,0.001410516,0.00140376
gender --> oxygenation,Dubois-Prade,0.124625071,0.431874958,0.443499971,0.124625071,0.568125042,0.346375057
gender --> oxygenation,PCR5,0.200462067,0.799537933,1.46E-16,0.200462067,0.200462067,0.200462067
gender --> peakAirPressure,Simple Average,0.281250144,0.431250137,0.287499719,0.281250144,0.568749863,0.425000003
gender --> peakAirPressure,DST,0.083017358,0.916826694,0.000155948,0.083017358,0.083173306,0.083095332
gender --> peakAirPressure,Yager,0.090511527,0.669113956,0.240374517,0.090511527,0.330886044,0.210698785
gender --> peakAirPressure,Murphy,0.132750699,0.866680944,0.000568357,0.132750699,0.133319056,0.133034877
gender --> peakAirPressure,Dubois-Prade,0.090511527,0.669113956,0.240374517,0.090511527,0.330886044,0.210698785
gender --> peakAirPressure,PCR5,0.148914408,0.851081092,4.50E-06,0.148914408,0.148918908,0.148916658
gender --> peep,Simple Average,0.212500425,0.687499088,0.100000487,0.212500425,0.312500912,0.262500669
gender --> peep,DST,9.80E-19,1,1.22E-26,9.80E-19,9.80E-19,9.80E-19
gender --> peep,Yager,0.045000546,0.669999434,0.28500002,0.045000546,0.330000566,0.187500556
gender --> peep,Murphy,0.000614459,0.999385473,6.76E-08,0.000614459,0.000614527,0.000614493
gender --> peep,Dubois-Prade,0.045000546,0.669999434,0.28500002,0.045000546,0.330000566,0.187500556
gender --> peep,PCR5,0.082245308,0.917754692,1.20E-27,0.082245308,0.082245308,0.082245308
gender --> sofa,Simple Average,0.2125005,0.699999138,0.087500362,0.2125005,0.300000862,0.256250681
gender --> sofa,DST,5.70E-19,1,5.40E-22,5.70E-19,5.70E-19,5.70E-19
gender --> sofa,Yager,3.56E-07,0.950998727,0.049000917,3.56E-07,0.049001273,0.024500815
gender --> sofa,Murphy,0.000443366,0.999556611,2.32E-08,0.000443366,0.000443389,0.000443378
gender --> sofa,Dubois-Prade,3.56E-07,0.950998727,0.049000917,3.56E-07,0.049001273,0.024500815
gender --> sofa,PCR5,0.011069443,0.988930557,4.00E-23,0.011069443,0.011069443,0.011069443
gender --> trauma,Simple Average,0.481250062,0.312499875,0.206250062,0.481250062,0.687500125,0.584375094
gender --> trauma,DST,0.000107388,0.999892607,4.81E-09,0.000107388,0.000107393,0.000107391
gender --> trauma,Yager,0.633361486,0.111337509,0.255301006,0.633361486,0.888662491,0.761011988
gender --> trauma,Murphy,0.904913716,0.095026908,5.94E-05,0.904913716,0.904973092,0.904943404
gender --> trauma,Dubois-Prade,0.633361486,0.111337509,0.255301006,0.633361486,0.888662491,0.761011988
gender --> trauma,PCR5,0.81009566,0.18990434,1.50E-11,0.81009566,0.81009566,0.81009566
gender --> vt,Simple Average,0.506249913,0.262500112,0.231249975,0.506249913,0.737499888,0.6218749
gender --> vt,DST,0.959787331,0.040212669,5.73E-10,0.959787331,0.959787331,0.959787331
gender --> vt,Yager,0.653596932,0.101948165,0.244454902,0.653596932,0.898051835,0.775824384
gender --> vt,Murphy,0.961201336,0.038708835,8.98E-05,0.961201336,0.961291165,0.96124625
gender --> vt,Dubois-Prade,0.653596932,0.101948165,0.244454902,0.653596932,0.898051835,0.775824384
gender --> vt,PCR5,0.848642086,0.151357914,2.50E-11,0.848642086,0.848642086,0.848642086
hemoglobin --> apsiii,Simple Average,0.5124999,0.3687499,0.1187502,0.5124999,0.6312501,0.571875
hemoglobin --> apsiii,DST,0.89440994,0.105590062,1.66E-10,0.89440994,0.89440994,0.89440994
hemoglobin --> apsiii,Yager,1.54E-06,0.358083335,0.641915123,1.54E-06,0.641916665,0.320959103
hemoglobin --> apsiii,Murphy,0.887683211,0.112315397,1.39E-06,0.887683211,0.887684603,0.887683907
hemoglobin --> apsiii,Dubois-Prade,1.54E-06,0.358083335,0.641915123,1.54E-06,0.641916665,0.320959103
hemoglobin --> apsiii,PCR5,0.353359241,0.646640759,1.20E-17,0.353359241,0.353359241,0.353359241
hemoglobin --> death,Simple Average,0.587499631,0.243750137,0.168750231,0.587499631,0.756249863,0.671874747
hemoglobin --> death,DST,0.999999855,1.45E-07,3.35E-15,0.999999855,0.999999855,0.999999855
hemoglobin --> death,Yager,0.531514764,0.155961167,0.312524069,0.531514764,0.844038833,0.687776798
hemoglobin --> death,Murphy,0.992225272,0.007768629,6.10E-06,0.992225272,0.992231371,0.992228321
hemoglobin --> death,Dubois-Prade,0.531514764,0.155961167,0.312524069,0.531514764,0.844038833,0.687776798
hemoglobin --> death,PCR5,0.795092011,0.204907989,1.01E-16,0.795092011,0.795092011,0.795092011
hemoglobin --> gender,Simple Average,0.100000625,0.849998888,0.050000487,0.100000625,0.150001112,0.125000869
hemoglobin --> gender,DST,7.91E-26,1,1.55E-28,7.91E-26,7.93E-26,7.92E-26
hemoglobin --> gender,Yager,7.50E-09,0.999998928,1.06E-06,7.50E-09,1.07E-06,5.40E-07
hemoglobin --> gender,Murphy,5.95E-07,0.999999405,9.08E-11,5.95E-07,5.95E-07,5.95E-07
hemoglobin --> gender,Dubois-Prade,7.50E-09,0.999998928,1.06E-06,7.50E-09,1.07E-06,5.40E-07
hemoglobin --> gender,PCR5,6.07E-10,0.999999999,5.00E-29,6.07E-10,6.07E-10,6.07E-10
hemoglobin --> lactate,Simple Average,0.518749875,0.349999875,0.13125025,0.518749875,0.650000125,0.584375
hemoglobin --> lactate,DST,0.920650666,0.079349336,5.51E-11,0.920650666,0.920650666,0.920650666
hemoglobin --> lactate,Yager,0.243577462,0.260651386,0.495771151,0.243577462,0.739348614,0.491463038
hemoglobin --> lactate,Murphy,0.917183521,0.082813945,2.53E-06,0.917183521,0.917186055,0.917184788
hemoglobin --> lactate,Dubois-Prade,0.243577462,0.260651386,0.495771151,0.243577462,0.739348614,0.491463038
hemoglobin --> lactate,PCR5,0.610042321,0.389957679,1.00E-17,0.610042321,0.610042321,0.610042321
hemoglobin --> medical,Simple Average,0.372500094,0.459999563,0.167500344,0.372500094,0.540000437,0.456250266
hemoglobin --> medical,DST,4.05E-11,1,7.61E-20,4.05E-11,4.05E-11,4.05E-11
hemoglobin --> medical,Yager,1.27E-06,0.543632991,0.456365737,1.27E-06,0.456367009,0.22818414
hemoglobin --> medical,Murphy,0.231213055,0.768767129,1.98E-05,0.231213055,0.231232871,0.231222963
hemoglobin --> medical,Dubois-Prade,1.27E-06,0.543632991,0.456365737,1.27E-06,0.456367009,0.22818414
hemoglobin --> medical,PCR5,0.224389219,0.775610781,7.65E-22,0.224389219,0.224389219,0.224389219
hemoglobin --> paco2,Simple Average,0.15000025,0.6937495,0.15625025,0.15000025,0.3062505,0.228125375
hemoglobin --> paco2,DST,4.42E-14,1,1.60E-16,4.42E-14,4.43E-14,4.43E-14
hemoglobin --> paco2,Yager,0.025600027,0.841884926,0.132515047,0.025600027,0.158115074,0.09185755
hemoglobin --> paco2,Murphy,0.000282581,0.999716116,1.30E-06,0.000282581,0.000283884,0.000283233
hemoglobin --> paco2,Dubois-Prade,0.025600027,0.841884926,0.132515047,0.025600027,0.158115074,0.09185755
hemoglobin --> paco2,PCR5,0.019333166,0.980666834,4.00E-17,0.019333166,0.019333166,0.019333166
hemoglobin --> pao2,Simple Average,0.607142171,0.307143114,0.085714714,0.607142171,0.692856886,0.649999529
hemoglobin --> pao2,DST,1,1.24E-12,7.31E-21,1,1,1
hemoglobin --> pao2,Yager,0.165649917,0.381625292,0.452724791,0.165649917,0.618374708,0.392012312
hemoglobin --> pao2,Murphy,0.981505773,0.018493791,4.35E-07,0.981505773,0.981506209,0.981505991
hemoglobin --> pao2,Dubois-Prade,0.165649917,0.381625292,0.452724791,0.165649917,0.618374708,0.392012312
hemoglobin --> pao2,PCR5,0.512063631,0.487936369,2.50E-22,0.512063631,0.512063631,0.512063631
hemoglobin --> peakAirPressure,Simple Average,0.100000571,0.671428014,0.228571414,0.100000571,0.328571986,0.214286279
hemoglobin --> peakAirPressure,DST,4.39E-14,1,1.05E-15,4.39E-14,4.49E-14,4.44E-14
hemoglobin --> peakAirPressure,Yager,1.11E-07,0.98569882,0.01430107,1.11E-07,0.01430118,0.007150646
hemoglobin --> peakAirPressure,Murphy,0.000795624,0.999136281,6.81E-05,0.000795624,0.000863719,0.000829672
hemoglobin --> peakAirPressure,Dubois-Prade,1.11E-07,0.98569882,0.01430107,1.11E-07,0.01430118,0.007150646
hemoglobin --> peakAirPressure,PCR5,0.000303198,0.999696802,4.50E-16,0.000303198,0.000303198,0.000303198
hemoglobin --> ph,Simple Average,0.168750237,0.474999775,0.356249987,0.168750237,0.525000225,0.346875231
hemoglobin --> ph,DST,8.41E-08,0.999999914,2.05E-09,8.41E-08,8.62E-08,8.51E-08
hemoglobin --> ph,Yager,0.072369954,0.642493431,0.285136614,0.072369954,0.357506569,0.214938261
hemoglobin --> ph,Murphy,0.023608701,0.975280053,0.001111247,0.023608701,0.024719947,0.024164324
hemoglobin --> ph,Dubois-Prade,0.072369954,0.642493431,0.285136614,0.072369954,0.357506569,0.214938261
hemoglobin --> ph,PCR5,0.118929878,0.881070121,3.78E-10,0.118929878,0.118929879,0.118929878
hemoglobin --> sofa,Simple Average,0.380555556,0.499305181,0.120139264,0.380555556,0.500694819,0.440625187
hemoglobin --> sofa,DST,9.72E-07,0.999999032,8.10E-16,9.72E-07,9.72E-07,9.72E-07
hemoglobin --> sofa,Yager,1.03E-06,0.660365661,0.339633312,1.03E-06,0.339634339,0.169817683
hemoglobin --> sofa,Murphy,0.154123263,0.845875044,1.69E-06,0.154123263,0.154124956,0.15412411
hemoglobin --> sofa,Dubois-Prade,1.03E-06,0.660365661,0.339633312,1.03E-06,0.339634339,0.169817683
hemoglobin --> sofa,PCR5,0.127397552,0.872602448,8.89E-23,0.127397552,0.127397552,0.127397552
hemoglobin --> spo2,Simple Average,0.486606799,0.370535964,0.142857237,0.486606799,0.629464036,0.558035417
hemoglobin --> spo2,DST,0.999998025,1.98E-06,2.20E-10,0.999998025,0.999998025,0.999998025
hemoglobin --> spo2,Yager,0.123552085,0.588805149,0.287642765,0.123552085,0.411194851,0.267373468
hemoglobin --> spo2,Murphy,0.83625271,0.163741405,5.89E-06,0.83625271,0.836258595,0.836255652
hemoglobin --> spo2,Dubois-Prade,0.123552085,0.588805149,0.287642765,0.123552085,0.411194851,0.267373468
hemoglobin --> spo2,PCR5,0.332973037,0.667026963,2.14E-12,0.332973037,0.332973037,0.332973037
ischemicHd --> age,Simple Average,0.312500094,0.512499688,0.175000219,0.312500094,0.487500312,0.400000203
ischemicHd --> age,DST,1.15E-06,0.999998854,2.21E-15,1.15E-06,1.15E-06,1.15E-06
ischemicHd --> age,Yager,8.73E-07,0.722518942,0.277480185,8.73E-07,0.277481058,0.138740965
ischemicHd --> age,Murphy,0.060061699,0.939921734,1.66E-05,0.060061699,0.060078266,0.060069983
ischemicHd --> age,Dubois-Prade,8.73E-07,0.722518942,0.277480185,8.73E-07,0.277481058,0.138740965
ischemicHd --> age,PCR5,0.11835694,0.88164306,9.37E-18,0.11835694,0.11835694,0.11835694
ischemicHd --> paco2,Simple Average,0.16250025,0.574999875,0.262499875,0.16250025,0.425000125,0.293750187
ischemicHd --> paco2,DST,1.79E-08,0.999999982,4.52E-11,1.79E-08,1.79E-08,1.79E-08
ischemicHd --> paco2,Yager,0.105642522,0.662938688,0.23141879,0.105642522,0.337061312,0.221351917
ischemicHd --> paco2,Murphy,0.0042862,0.995621055,9.27E-05,0.0042862,0.004378945,0.004332573
ischemicHd --> paco2,Dubois-Prade,0.105642522,0.662938688,0.23141879,0.105642522,0.337061312,0.221351917
ischemicHd --> paco2,PCR5,0.089086211,0.910913789,1.00E-11,0.089086211,0.089086211,0.089086211
ischemicHd --> smoker,Simple Average,0.112500362,0.643749656,0.243749981,0.112500362,0.356250344,0.234375353
ischemicHd --> smoker,DST,1.15E-09,0.999999999,3.02E-11,1.15E-09,1.18E-09,1.16E-09
ischemicHd --> smoker,Yager,0.008274799,0.888157054,0.103568147,0.008274799,0.111842946,0.060058872
ischemicHd --> smoker,Murphy,0.000641271,0.999326375,3.24E-05,0.000641271,0.000673625,0.000657448
ischemicHd --> smoker,Dubois-Prade,0.008274799,0.888157054,0.103568147,0.008274799,0.111842946,0.060058872
ischemicHd --> smoker,PCR5,0.012635047,0.987364953,1.08E-11,0.012635047,0.012635047,0.012635047
lactate --> age,Simple Average,0.0687505,0.61249975,0.31874975,0.0687505,0.38750025,0.228125375
lactate --> age,DST,1.07E-14,1,2.19E-16,1.07E-14,1.09E-14,1.08E-14
lactate --> age,Yager,6.86E-08,0.995748918,0.004251014,6.86E-08,0.004251082,0.002125575
lactate --> age,Murphy,0.000709868,0.99910187,0.000188262,0.000709868,0.00089813,0.000803999
lactate --> age,Dubois-Prade,6.86E-08,0.995748918,0.004251014,6.86E-08,0.004251082,0.002125575
lactate --> age,PCR5,1.24E-05,0.99998765,1.12E-16,1.24E-05,1.24E-05,1.24E-05
lactate --> apsiii,Simple Average,0.699999625,0.18750015,0.112500225,0.699999625,0.81249985,0.756249738
lactate --> apsiii,DST,1,6.16E-14,8.57E-17,1,1,1
lactate --> apsiii,Yager,0.741159941,0.04436004,0.214480019,0.741159941,0.95563996,0.84839995
lactate --> apsiii,Murphy,0.999654667,0.000345198,1.35E-07,0.999654667,0.999654802,0.999654734
lactate --> apsiii,Dubois-Prade,0.741159941,0.04436004,0.214480019,0.741159941,0.95563996,0.84839995
lactate --> apsiii,PCR5,0.944597863,0.055402137,8.00E-18,0.944597863,0.944597863,0.944597863
lactate --> copd,Simple Average,0.050000625,0.743749275,0.2062501,0.050000625,0.256250725,0.153125675
lactate --> copd,DST,3.06E-20,1,5.85E-22,3.06E-20,3.12E-20,3.09E-20
lactate --> copd,Yager,3.07E-07,0.971873757,0.028125936,3.07E-07,0.028126243,0.014063275
lactate --> copd,Murphy,2.31E-05,0.999971976,4.94E-06,2.31E-05,2.80E-05,2.56E-05
lactate --> copd,Dubois-Prade,3.07E-07,0.971873757,0.028125936,3.07E-07,0.028126243,0.014063275
lactate --> copd,PCR5,0.002851118,0.997148882,3.75E-22,0.002851118,0.002851118,0.002851118
lactate --> death,Simple Average,0.547916542,0.185416917,0.266666542,0.547916542,0.814583083,0.681249813
lactate --> death,DST,0.999999964,3.63E-08,1.63E-10,0.999999964,0.999999964,0.999999964
lactate --> death,Yager,0.598088678,0.068577989,0.333333333,0.598088678,0.931422011,0.764755344
lactate --> death,Murphy,0.991078636,0.008790617,0.000130747,0.991078636,0.991209383,0.99114401
lactate --> death,Dubois-Prade,0.598088678,0.068577989,0.333333333,0.598088678,0.931422011,0.764755344
lactate --> death,PCR5,0.885236552,0.114763448,1.50E-11,0.885236552,0.885236552,0.885236552
lactate --> fio2,Simple Average,0.179166904,0.391666817,0.429166279,0.179166904,0.608333183,0.393750044
lactate --> fio2,DST,0.026237594,0.972950939,0.000811467,0.026237594,0.027049061,0.026643327
lactate --> fio2,Yager,0.132546717,0.53411995,0.333333333,0.132546717,0.46588005,0.299213383
lactate --> fio2,Murphy,0.078703241,0.916151996,0.005144763,0.078703241,0.083848004,0.081275622
lactate --> fio2,Dubois-Prade,0.132546717,0.53411995,0.333333333,0.132546717,0.46588005,0.299213383
lactate --> fio2,PCR5,0.149684753,0.850171248,0.000143999,0.149684753,0.149828752,0.149756753
lactate --> hemoglobin,Simple Average,0.181250281,0.599999513,0.218750206,0.181250281,0.400000487,0.290625384
lactate --> hemoglobin,DST,2.23E-13,1,2.38E-15,2.23E-13,2.26E-13,2.25E-13
lactate --> hemoglobin,Yager,2.91E-07,0.948053698,0.051946011,2.91E-07,0.051946302,0.025973296
lactate --> hemoglobin,Murphy,0.003209153,0.996764966,2.59E-05,0.003209153,0.003235034,0.003222094
lactate --> hemoglobin,Dubois-Prade,2.91E-07,0.948053698,0.051946011,2.91E-07,0.051946302,0.025973296
lactate --> hemoglobin,PCR5,0.00362003,0.99637997,2.70E-16,0.00362003,0.00362003,0.00362003
lactate --> oxygenation,Simple Average,0.2375002,0.531249763,0.231250037,0.2375002,0.468750237,0.353125219
lactate --> oxygenation,DST,6.20E-08,0.999999938,1.98E-10,6.20E-08,6.22E-08,6.21E-08
lactate --> oxygenation,Yager,0.226637423,0.338555689,0.434806888,0.226637423,0.661444311,0.444040867
lactate --> oxygenation,Murphy,0.019922694,0.980007161,7.01E-05,0.019922694,0.019992839,0.019957766
lactate --> oxygenation,Dubois-Prade,0.226637423,0.338555689,0.434806888,0.226637423,0.661444311,0.444040867
lactate --> oxygenation,PCR5,0.284708029,0.715291971,1.68E-11,0.284708029,0.284708029,0.284708029
lactate --> peakAirPressure,Simple Average,0.087500625,0.787499038,0.125000337,0.087500625,0.212500962,0.150000794
lactate --> peakAirPressure,DST,2.50E-20,1,3.63E-22,2.50E-20,2.54E-20,2.52E-20
lactate --> peakAirPressure,Yager,6.20E-08,0.99699862,0.003001318,6.20E-08,0.00300138,0.001500721
lactate --> peakAirPressure,Murphy,8.53E-06,0.99999135,1.24E-07,8.53E-06,8.65E-06,8.59E-06
lactate --> peakAirPressure,Dubois-Prade,6.20E-08,0.99699862,0.003001318,6.20E-08,0.00300138,0.001500721
lactate --> peakAirPressure,PCR5,0.000152254,0.999847746,1.60E-22,0.000152254,0.000152254,0.000152254
lactate --> ph,Simple Average,0.668749406,0.237500219,0.093750375,0.668749406,0.762499781,0.715624594
lactate --> ph,DST,1,2.14E-13,1.16E-21,1,1,1
lactate --> ph,Yager,0.457334939,0.090025116,0.452639945,0.457334939,0.909974884,0.683654912
lactate --> ph,Murphy,0.998732976,0.001266972,5.22E-08,0.998732976,0.998733028,0.998733002
lactate --> ph,Dubois-Prade,0.457334939,0.090025116,0.452639945,0.457334939,0.909974884,0.683654912
lactate --> ph,PCR5,0.80404945,0.19595055,6.00E-23,0.80404945,0.80404945,0.80404945
lactate --> sofa,Simple Average,0.71249935,0.1687503,0.11875035,0.71249935,0.8312497,0.771874525
lactate --> sofa,DST,1,4.23E-14,1.18E-21,1,1,1
lactate --> sofa,Yager,0.732899634,0.015700318,0.251400048,0.732899634,0.984299682,0.858599658
lactate --> sofa,Murphy,0.999795276,0.000204551,1.73E-07,0.999795276,0.999795449,0.999795362
lactate --> sofa,Dubois-Prade,0.732899634,0.015700318,0.251400048,0.732899634,0.984299682,0.858599658
lactate --> sofa,PCR5,0.944498377,0.055501623,2.00E-22,0.944498377,0.944498377,0.944498377
lactate --> trauma,Simple Average,0.075000625,0.699999394,0.224999981,0.075000625,0.300000606,0.187500616
lactate --> trauma,DST,1.58E-15,1,6.17E-17,1.58E-15,1.65E-15,1.62E-15
lactate --> trauma,Yager,1.69E-08,0.999448861,0.000551122,1.69E-08,0.000551139,0.000275578
lactate --> trauma,Murphy,0.000110151,0.999877595,1.23E-05,0.000110151,0.000122405,0.000116278
lactate --> trauma,Dubois-Prade,1.69E-08,0.999448861,0.000551122,1.69E-08,0.000551139,0.000275578
lactate --> trauma,PCR5,6.47E-07,0.999999353,3.00E-17,6.47E-07,6.47E-07,6.47E-07
medical --> hemoglobin,Simple Average,0.341250187,0.478749438,0.180000375,0.341250187,0.521250562,0.431250375
medical --> hemoglobin,DST,1.65E-11,1,6.34E-20,1.65E-11,1.65E-11,1.65E-11
medical --> hemoglobin,Yager,0.534527181,0.171146892,0.294325927,0.534527181,0.828853108,0.681690144
medical --> hemoglobin,Murphy,0.133182748,0.866790315,2.69E-05,0.133182748,0.133209685,0.133196217
medical --> hemoglobin,Dubois-Prade,0.534527181,0.171146892,0.294325927,0.534527181,0.828853108,0.681690144
medical --> hemoglobin,PCR5,0.546569254,0.453430746,1.53E-21,0.546569254,0.546569254,0.546569254
medical --> paco2,Simple Average,0.270416854,0.514166292,0.215416854,0.270416854,0.485833708,0.378125281
medical --> paco2,DST,4.06E-07,0.999999594,4.41E-15,4.06E-07,4.06E-07,4.06E-07
medical --> paco2,Yager,0.155209648,0.511457019,0.333333333,0.155209648,0.488542981,0.321876315
medical --> paco2,Murphy,0.03717087,0.962773515,5.56E-05,0.03717087,0.037226485,0.037198678
medical --> paco2,Dubois-Prade,0.155209648,0.511457019,0.333333333,0.155209648,0.488542981,0.321876315
medical --> paco2,PCR5,0.195336465,0.804663535,2.83E-16,0.195336465,0.195336465,0.195336465
medical --> peep,Simple Average,0.31625025,0.4987495,0.18500025,0.31625025,0.5012505,0.408750375
medical --> peep,DST,9.97E-12,1,6.41E-15,9.97E-12,9.97E-12,9.97E-12
medical --> peep,Yager,0.343535247,0.259394893,0.39706986,0.343535247,0.740605107,0.542070177
medical --> peep,Murphy,0.076970962,0.923002527,2.65E-05,0.076970962,0.076997473,0.076984217
medical --> peep,Dubois-Prade,0.343535247,0.259394893,0.39706986,0.343535247,0.740605107,0.542070177
medical --> peep,PCR5,0.409681293,0.590318707,2.06E-16,0.409681293,0.409681293,0.409681293
minVentVol --> copd,Simple Average,0.206250125,0.631249513,0.162500362,0.206250125,0.368750487,0.287500306
minVentVol --> copd,DST,5.85E-09,0.999999995,1.95E-16,5.85E-09,5.85E-09,5.85E-09
minVentVol --> copd,Yager,3.53E-07,0.962639267,0.03736038,3.53E-07,0.037360733,0.018680543
minVentVol --> copd,Murphy,0.002161889,0.997835032,3.08E-06,0.002161889,0.002164968,0.002163429
minVentVol --> copd,Dubois-Prade,3.53E-07,0.962639267,0.03736038,3.53E-07,0.037360733,0.018680543
minVentVol --> copd,PCR5,0.005047825,0.994952175,1.87E-22,0.005047825,0.005047825,0.005047825
minVentVol --> gender,Simple Average,0.037500625,0.8374989,0.125000475,0.037500625,0.1625011,0.100000862
minVentVol --> gender,DST,6.97E-26,1,1.25E-27,6.97E-26,7.09E-26,7.03E-26
minVentVol --> gender,Yager,2.50E-09,0.999998943,1.05E-06,2.50E-09,1.06E-06,5.30E-07
minVentVol --> gender,Murphy,5.79E-07,0.99999934,8.09E-08,5.79E-07,6.60E-07,6.20E-07
minVentVol --> gender,Dubois-Prade,2.50E-09,0.999998943,1.05E-06,2.50E-09,1.06E-06,5.30E-07
minVentVol --> gender,PCR5,6.24E-11,1,9.00E-28,6.24E-11,6.24E-11,6.24E-11
minVentVol --> oxygenation,Simple Average,0.206250225,0.4375,0.356249775,0.206250225,0.5625,0.384375112
minVentVol --> oxygenation,DST,2.99E-07,0.999999699,1.93E-09,2.99E-07,3.01E-07,3.00E-07
minVentVol --> oxygenation,Yager,6.77E-07,0.811536441,0.188462882,6.77E-07,0.188463559,0.094232118
minVentVol --> oxygenation,Murphy,0.058346198,0.940103347,0.001550455,0.058346198,0.059896653,0.059121426
minVentVol --> oxygenation,Dubois-Prade,6.77E-07,0.811536441,0.188462882,6.77E-07,0.188463559,0.094232118
minVentVol --> oxygenation,PCR5,0.049554163,0.950445836,2.50E-10,0.049554163,0.049554164,0.049554164
minVentVol --> peep,Simple Average,0.357638937,0.32986125,0.312499813,0.357638937,0.67013875,0.513888844
minVentVol --> peep,DST,0.442624397,0.557375597,5.76E-09,0.442624397,0.442624403,0.4426244
minVentVol --> peep,Yager,0.07841129,0.648933025,0.272655685,0.07841129,0.351066975,0.214739132
minVentVol --> peep,Murphy,0.583324358,0.41536838,0.001307262,0.583324358,0.58463162,0.583977989
minVentVol --> peep,Dubois-Prade,0.07841129,0.648933025,0.272655685,0.07841129,0.351066975,0.214739132
minVentVol --> peep,PCR5,0.292942768,0.707057232,1.25E-10,0.292942768,0.292942768,0.292942768
oxygenation --> apsiii,Simple Average,0.629166198,0.222916798,0.147917004,0.629166198,0.777083202,0.7031247
oxygenation --> apsiii,DST,1,2.71E-13,5.81E-21,1,1,1
oxygenation --> apsiii,Yager,0.535208243,0.131458424,0.333333333,0.535208243,0.868541576,0.70187491
oxygenation --> apsiii,Murphy,0.997317569,0.002680712,1.72E-06,0.997317569,0.997319288,0.997318428
oxygenation --> apsiii,Dubois-Prade,0.535208243,0.131458424,0.333333333,0.535208243,0.868541576,0.70187491
oxygenation --> apsiii,PCR5,0.849627989,0.150372011,5.00E-22,0.849627989,0.849627989,0.849627989
oxygenation --> fio2,Simple Average,0.66249945,0.20625025,0.1312503,0.66249945,0.79374975,0.7281246
oxygenation --> fio2,DST,0.999999994,6.55E-09,1.75E-16,0.999999994,0.999999994,0.999999994
oxygenation --> fio2,Yager,0.934998949,0.004650235,0.060350816,0.934998949,0.995349765,0.965174357
oxygenation --> fio2,Murphy,0.998932756,0.001066685,5.58E-07,0.998932756,0.998933315,0.998933036
oxygenation --> fio2,Dubois-Prade,0.934998949,0.004650235,0.060350816,0.934998949,0.995349765,0.965174357
oxygenation --> fio2,PCR5,0.958895974,0.041104026,1.50E-22,0.958895974,0.958895974,0.958895974
oxygenation --> gender,Simple Average,0.025000625,0.849998888,0.125000487,0.025000625,0.150001112,0.087500869
oxygenation --> gender,DST,1.75E-26,1,2.46E-28,1.75E-26,1.77E-26,1.76E-26
oxygenation --> gender,Yager,2.50E-09,0.999998943,1.05E-06,2.50E-09,1.06E-06,5.30E-07
oxygenation --> gender,Murphy,2.41E-07,0.999999686,7.30E-08,2.41E-07,3.14E-07,2.77E-07
oxygenation --> gender,Dubois-Prade,2.50E-09,0.999998943,1.05E-06,2.50E-09,1.06E-06,5.30E-07
oxygenation --> gender,PCR5,6.20E-11,1,2.00E-28,6.20E-11,6.20E-11,6.20E-11
oxygenation --> lactate,Simple Average,0.40000005,0.431249875,0.168750075,0.40000005,0.568750125,0.484375087
oxygenation --> lactate,DST,1.04E-05,0.99998961,8.68E-10,1.04E-05,1.04E-05,1.04E-05
oxygenation --> lactate,Yager,0.19342902,0.503202469,0.303368512,0.19342902,0.496797531,0.345113275
oxygenation --> lactate,Murphy,0.39461187,0.605364429,2.37E-05,0.39461187,0.394635571,0.394623721
oxygenation --> lactate,Dubois-Prade,0.19342902,0.503202469,0.303368512,0.19342902,0.496797531,0.345113275
oxygenation --> lactate,PCR5,0.356246659,0.643753341,3.00E-12,0.356246659,0.356246659,0.356246659
oxygenation --> minVentVol,Simple Average,0.291666742,0.491666542,0.216666717,0.291666742,0.508333458,0.4000001
oxygenation --> minVentVol,DST,3.41E-07,0.999999659,2.86E-10,3.41E-07,3.41E-07,3.41E-07
oxygenation --> minVentVol,Yager,0.218328353,0.448338314,0.333333333,0.218328353,0.551661686,0.384995019
oxygenation --> minVentVol,Murphy,0.065662716,0.93426568,7.16E-05,0.065662716,0.06573432,0.065698518
oxygenation --> minVentVol,Dubois-Prade,0.218328353,0.448338314,0.333333333,0.218328353,0.551661686,0.384995019
oxygenation --> minVentVol,PCR5,0.242189509,0.757810491,1.25E-11,0.242189509,0.242189509,0.242189509
oxygenation --> pao2,Simple Average,0.868749138,0.062500362,0.0687505,0.868749138,0.937499638,0.903124388
oxygenation --> pao2,DST,1,3.81E-21,5.10E-28,1,1,1
oxygenation --> pao2,Yager,0.988298927,1.03E-07,0.011700969,0.988298927,0.999999897,0.994149412
oxygenation --> pao2,Murphy,0.999999852,1.47E-07,8.36E-10,0.999999852,0.999999853,0.999999853
oxygenation --> pao2,Dubois-Prade,0.988298927,1.03E-07,0.011700969,0.988298927,0.999999897,0.994149412
oxygenation --> pao2,PCR5,0.999942438,5.76E-05,3.00E-28,0.999942438,0.999942438,0.999942438
oxygenation --> peep,Simple Average,0.39539117,0.269697245,0.334911585,0.39539117,0.730302755,0.562846963
oxygenation --> peep,DST,0.999997128,2.87E-06,4.81E-14,0.999997128,0.999997128,0.999997128
oxygenation --> peep,Yager,0.699784302,9.56E-07,0.300214742,0.699784302,0.999999044,0.849891673
oxygenation --> peep,Murphy,0.818922128,0.17947274,0.001605132,0.818922128,0.82052726,0.819724694
oxygenation --> peep,Dubois-Prade,0.699784302,9.56E-07,0.300214742,0.699784302,0.999999044,0.849891673
oxygenation --> peep,PCR5,0.823232006,0.176767994,1.42E-15,0.823232006,0.823232006,0.823232006
oxygenation --> spo2,Simple Average,0.787499,0.1312505,0.0812505,0.787499,0.8687495,0.82812425
oxygenation --> spo2,DST,1,1.68E-24,3.90E-27,1,1,1
oxygenation --> spo2,Yager,0.974998837,1.78E-07,0.025000985,0.974998837,0.999999822,0.98749933
oxygenation --> spo2,Murphy,0.999987185,1.28E-05,5.85E-09,0.999987185,0.999987191,0.999987188
oxygenation --> spo2,Dubois-Prade,0.974998837,1.78E-07,0.025000985,0.974998837,0.999999822,0.98749933
oxygenation --> spo2,PCR5,0.994908691,0.005091309,6.00E-28,0.994908691,0.994908691,0.994908691
paco2 --> apsiii,Simple Average,0.524999938,0.318749888,0.156250175,0.524999938,0.681250112,0.603125025
paco2 --> apsiii,DST,0.907713262,0.092286739,2.35E-10,0.907713262,0.907713262,0.907713262
paco2 --> apsiii,Yager,1.74E-06,0.212388538,0.787609719,1.74E-06,0.787611462,0.393806603
paco2 --> apsiii,Murphy,0.94709537,0.052897377,7.25E-06,0.94709537,0.947102623,0.947098997
paco2 --> apsiii,Dubois-Prade,1.74E-06,0.212388538,0.787609719,1.74E-06,0.787611462,0.393806603
paco2 --> apsiii,PCR5,0.445052019,0.554947981,2.50E-17,0.445052019,0.445052019,0.445052019
paco2 --> ards,Simple Average,0.13750035,0.72499915,0.1375005,0.13750035,0.27500085,0.2062506
paco2 --> ards,DST,2.37E-19,1,1.37E-26,2.37E-19,2.37E-19,2.37E-19
paco2 --> ards,Yager,4.16E-07,0.907498802,0.092500782,4.16E-07,0.092501198,0.046250807
paco2 --> ards,Murphy,0.000106379,0.999893204,4.17E-07,0.000106379,0.000106796,0.000106587
paco2 --> ards,Dubois-Prade,4.16E-07,0.907498802,0.092500782,4.16E-07,0.092501198,0.046250807
paco2 --> ards,PCR5,0.00883806,0.99116194,3.75E-27,0.00883806,0.00883806,0.00883806
paco2 --> copd,Simple Average,0.093750625,0.8062489,0.100000475,0.093750625,0.1937511,0.143750862
paco2 --> copd,DST,5.19E-25,1,2.96E-27,5.19E-25,5.21E-25,5.20E-25
paco2 --> copd,Yager,1.24E-07,0.991998473,0.008001403,1.24E-07,0.008001527,0.004000825
paco2 --> copd,Murphy,4.34E-06,0.999995635,2.20E-08,4.34E-06,4.36E-06,4.35E-06
paco2 --> copd,Dubois-Prade,1.24E-07,0.991998473,0.008001403,1.24E-07,0.008001527,0.004000825
paco2 --> copd,PCR5,0.001273913,0.998726087,1.20E-27,0.001273913,0.001273913,0.001273913
paco2 --> fio2,Simple Average,0.293750037,0.4125,0.293749962,0.293750037,0.5875,0.440625019
paco2 --> fio2,DST,1.19E-06,0.99999881,2.65E-09,1.19E-06,1.19E-06,1.19E-06
paco2 --> fio2,Yager,6.61E-07,0.821573952,0.178425387,6.61E-07,0.178426048,0.089213354
paco2 --> fio2,Murphy,0.185932775,0.813338077,0.000729147,0.185932775,0.186661923,0.186297349
paco2 --> fio2,Dubois-Prade,6.61E-07,0.821573952,0.178425387,6.61E-07,0.178426048,0.089213354
paco2 --> fio2,PCR5,0.088675647,0.911324353,1.20E-10,0.088675647,0.088675647,0.088675647
paco2 --> hemoglobin,Simple Average,0.243750262,0.568749525,0.187500212,0.243750262,0.431250475,0.337500369
paco2 --> hemoglobin,DST,2.13E-12,1,4.51E-15,2.13E-12,2.13E-12,2.13E-12
paco2 --> hemoglobin,Yager,6.96E-07,0.845422502,0.154576802,6.96E-07,0.154577498,0.077289097
paco2 --> hemoglobin,Murphy,0.011044262,0.988941616,1.41E-05,0.011044262,0.011058384,0.011051323
paco2 --> hemoglobin,Dubois-Prade,6.96E-07,0.845422502,0.154576802,6.96E-07,0.154577498,0.077289097
paco2 --> hemoglobin,PCR5,0.037216815,0.962783185,1.28E-16,0.037216815,0.037216815,0.037216815
paco2 --> ischemicHd,Simple Average,0.0875005,0.681249538,0.231249963,0.0875005,0.318750462,0.203125481
paco2 --> ischemicHd,DST,2.17E-14,1,1.95E-16,2.17E-14,2.19E-14,2.18E-14
paco2 --> ischemicHd,Yager,1.38E-07,0.982688646,0.017311216,1.38E-07,0.017311354,0.008655746
paco2 --> ischemicHd,Murphy,0.000204634,0.999778356,1.70E-05,0.000204634,0.000221644,0.000213139
paco2 --> ischemicHd,Dubois-Prade,1.38E-07,0.982688646,0.017311216,1.38E-07,0.017311354,0.008655746
paco2 --> ischemicHd,PCR5,0.000327195,0.999672805,9.00E-17,0.000327195,0.000327195,0.000327195
paco2 --> medical,Simple Average,0.372500156,0.472499625,0.155000219,0.372500156,0.527500375,0.450000266
paco2 --> medical,DST,3.66E-11,1,5.69E-15,3.66E-11,3.66E-11,3.66E-11
paco2 --> medical,Yager,1.24E-06,0.559191777,0.440806979,1.24E-06,0.440808223,0.220404733
paco2 --> medical,Murphy,0.199598386,0.800390521,1.11E-05,0.199598386,0.199609479,0.199603933
paco2 --> medical,Dubois-Prade,1.24E-06,0.559191777,0.440806979,1.24E-06,0.440808223,0.220404733
paco2 --> medical,PCR5,0.212735757,0.787264243,5.10E-17,0.212735757,0.212735757,0.212735757
paco2 --> peakAirPressure,Simple Average,0.318750112,0.30625025,0.374999638,0.318750112,0.69374975,0.506249931
paco2 --> peakAirPressure,DST,0.425155899,0.574540201,0.0003039,0.425155899,0.425459799,0.425307849
paco2 --> peakAirPressure,Yager,0.42994345,0.128751384,0.441305166,0.42994345,0.871248616,0.650596033
paco2 --> peakAirPressure,Murphy,0.534480693,0.461595271,0.003924036,0.534480693,0.538404729,0.536442711
paco2 --> peakAirPressure,Dubois-Prade,0.42994345,0.128751384,0.441305166,0.42994345,0.871248616,0.650596033
paco2 --> peakAirPressure,PCR5,0.600344307,0.399645568,1.01E-05,0.600344307,0.600354432,0.600349369
paco2 --> ph,Simple Average,0.833522127,0.067614011,0.098863861,0.833522127,0.932385989,0.882954058
paco2 --> ph,DST,1,5.28E-16,5.00E-18,1,1,1
paco2 --> ph,Yager,0.899273855,0.006435231,0.094290914,0.899273855,0.993564769,0.946419312
paco2 --> ph,Murphy,0.999998967,1.02E-06,1.60E-08,0.999998967,0.999998983,0.999998975
paco2 --> ph,Dubois-Prade,0.899273855,0.006435231,0.094290914,0.899273855,0.993564769,0.946419312
paco2 --> ph,PCR5,0.991756002,0.008243998,2.73E-18,0.991756002,0.991756002,0.991756002
paco2 --> sao2,Simple Average,0.318750062,0.33125025,0.349999688,0.318750062,0.66874975,0.493749906
paco2 --> sao2,DST,0.32985469,0.669334857,0.000810453,0.32985469,0.330665143,0.330259916
paco2 --> sao2,Yager,0.176419481,0.40207356,0.421506959,0.176419481,0.59792644,0.38717296
paco2 --> sao2,Murphy,0.461625725,0.535761069,0.002613207,0.461625725,0.464238931,0.462932328
paco2 --> sao2,Dubois-Prade,0.176419481,0.40207356,0.421506959,0.176419481,0.59792644,0.38717296
paco2 --> sao2,PCR5,0.398933905,0.601030096,3.60E-05,0.398933905,0.398969904,0.398951905
paco2 --> smoker,Simple Average,0.075000375,0.80624925,0.118750375,0.075000375,0.19375075,0.134375562
paco2 --> smoker,DST,2.47E-20,1,1.92E-22,2.47E-20,2.49E-20,2.48E-20
paco2 --> smoker,Yager,8.13E-08,0.994048925,0.005950994,8.13E-08,0.005951075,0.002975578
paco2 --> smoker,Murphy,3.63E-06,0.999996295,7.38E-08,3.63E-06,3.71E-06,3.67E-06
paco2 --> smoker,Dubois-Prade,8.13E-08,0.994048925,0.005950994,8.13E-08,0.005951075,0.002975578
paco2 --> smoker,PCR5,1.57E-05,0.999984339,1.00E-22,1.57E-05,1.57E-05,1.57E-05
paco2 --> surgery,Simple Average,0.143750375,0.76874925,0.087500375,0.143750375,0.23125075,0.187500562
paco2 --> surgery,DST,1.38E-19,1,2.44E-22,1.38E-19,1.39E-19,1.38E-19
paco2 --> surgery,Yager,1.03E-07,0.988848906,0.011150991,1.03E-07,0.011151094,0.005575599
paco2 --> surgery,Murphy,2.83E-05,0.999971696,1.19E-08,2.83E-05,2.83E-05,2.83E-05
paco2 --> surgery,Dubois-Prade,1.03E-07,0.988848906,0.011150991,1.03E-07,0.011151094,0.005575599
paco2 --> surgery,PCR5,5.19E-05,0.999948063,4.50E-23,5.19E-05,5.19E-05,5.19E-05
paco2 --> trauma,Simple Average,0.150000375,0.78124925,0.068750375,0.150000375,0.21875075,0.184375562
paco2 --> trauma,DST,8.61E-20,1,7.69E-23,8.61E-20,8.62E-20,8.61E-20
paco2 --> trauma,Yager,8.00E-08,0.993448916,0.006551004,8.00E-08,0.006551084,0.003275582
paco2 --> trauma,Murphy,1.92E-05,0.999980759,1.83E-09,1.92E-05,1.92E-05,1.92E-05
paco2 --> trauma,Dubois-Prade,8.00E-08,0.993448916,0.006551004,8.00E-08,0.006551084,0.003275582
paco2 --> trauma,PCR5,2.55E-05,0.999974493,1.50E-23,2.55E-05,2.55E-05,2.55E-05
pao2 --> age,Simple Average,0.15625025,0.6812495,0.16250025,0.15625025,0.3187505,0.237500375
pao2 --> age,DST,1.97E-14,1,5.15E-17,1.97E-14,1.98E-14,1.98E-14
pao2 --> age,Yager,1.03E-07,0.9898372,0.010162697,1.03E-07,0.0101628,0.005081452
pao2 --> age,Murphy,0.000412793,0.999585315,1.89E-06,0.000412793,0.000414685,0.000413739
pao2 --> age,Dubois-Prade,1.03E-07,0.9898372,0.010162697,1.03E-07,0.0101628,0.005081452
pao2 --> age,PCR5,5.46E-05,0.999945399,1.09E-17,5.46E-05,5.46E-05,5.46E-05
pao2 --> apsiii,Simple Average,0.610416292,0.216666817,0.172916892,0.610416292,0.783333183,0.696874738
pao2 --> apsiii,DST,1,3.84E-13,1.18E-15,1,1,1
pao2 --> apsiii,Yager,0.62051656,0.046150107,0.333333333,0.62051656,0.953849893,0.787183226
pao2 --> apsiii,Murphy,0.996270815,0.003723568,5.62E-06,0.996270815,0.996276432,0.996273623
pao2 --> apsiii,Dubois-Prade,0.62051656,0.046150107,0.333333333,0.62051656,0.953849893,0.787183226
pao2 --> apsiii,PCR5,0.895282881,0.104717119,8.00E-17,0.895282881,0.895282881,0.895282881
pao2 --> fio2,Simple Average,0.412500125,0.487499525,0.10000035,0.412500125,0.512500475,0.4625003
pao2 --> fio2,DST,4.36E-06,0.999995656,2.10E-15,4.36E-06,4.36E-06,4.36E-06
pao2 --> fio2,Yager,1.38E-06,0.476014488,0.523984135,1.38E-06,0.523985512,0.261993444
pao2 --> fio2,Murphy,0.251129512,0.74886996,5.28E-07,0.251129512,0.25113004,0.251129776
pao2 --> fio2,Dubois-Prade,1.38E-06,0.476014488,0.523984135,1.38E-06,0.523985512,0.261993444
pao2 --> fio2,PCR5,0.244632096,0.755367904,7.50E-23,0.244632096,0.244632096,0.244632096
pao2 --> hemoglobin,Simple Average,0.218749975,0.5812499,0.200000125,0.218749975,0.4187501,0.318750037
pao2 --> hemoglobin,DST,0.002535323,0.997464678,4.24E-16,0.002535323,0.002535323,0.002535323
pao2 --> hemoglobin,Yager,3.02E-07,0.946698839,0.053300859,3.02E-07,0.053301161,0.026650731
pao2 --> hemoglobin,Murphy,0.006748399,0.993233278,1.83E-05,0.006748399,0.006766722,0.00675756
pao2 --> hemoglobin,Dubois-Prade,3.02E-07,0.946698839,0.053300859,3.02E-07,0.053301161,0.026650731
pao2 --> hemoglobin,PCR5,0.005580394,0.994419606,3.75E-22,0.005580394,0.005580394,0.005580394
pao2 --> oxygenation,Simple Average,0.55624975,0.34374975,0.1000005,0.55624975,0.65625025,0.60625
pao2 --> oxygenation,DST,0.960167845,0.040006994,6.95E-16,0.960167845,0.960167845,0.960167845
pao2 --> oxygenation,Yager,1.59E-06,0.332499642,0.667498764,1.59E-06,0.667500358,0.333750977
pao2 --> oxygenation,Murphy,0.958123105,0.041876616,2.79E-07,0.958123105,0.958123384,0.958123245
pao2 --> oxygenation,Dubois-Prade,1.59E-06,0.332499642,0.667498764,1.59E-06,0.667500358,0.333750977
pao2 --> oxygenation,PCR5,0.438546669,0.561453331,1.25E-27,0.438546669,0.438546669,0.438546669
pao2 --> peakAirPressure,Simple Average,0.100000375,0.649999625,0.25,0.100000375,0.350000375,0.225000375
pao2 --> peakAirPressure,DST,2.93E-14,1,3.71E-16,2.93E-14,2.97E-14,2.95E-14
pao2 --> peakAirPressure,Yager,1.79E-07,0.975618859,0.024380963,1.79E-07,0.024381141,0.01219066
pao2 --> peakAirPressure,Murphy,0.000487445,0.999477125,3.54E-05,0.000487445,0.000522875,0.00050516
pao2 --> peakAirPressure,Dubois-Prade,1.79E-07,0.975618859,0.024380963,1.79E-07,0.024381141,0.01219066
pao2 --> peakAirPressure,PCR5,0.000841998,0.999158002,1.50E-16,0.000841998,0.000841998,0.000841998
pao2 --> peep,Simple Average,0.38125,0.256250375,0.362499625,0.38125,0.743749625,0.562499813
pao2 --> peep,DST,0.793982341,0.205363638,0.000654021,0.793982341,0.794636362,0.794309352
pao2 --> peep,Yager,0.660949286,0.076542961,0.262507753,0.660949286,0.923457039,0.792203162
pao2 --> peep,Murphy,0.812880322,0.18452276,0.002596918,0.812880322,0.81547724,0.814178781
pao2 --> peep,Dubois-Prade,0.660949286,0.076542961,0.262507753,0.660949286,0.923457039,0.792203162
pao2 --> peep,PCR5,0.739242908,0.260717092,4.00E-05,0.739242908,0.739282908,0.739262908
pao2 --> ph,Simple Average,0.3125,0.506249775,0.181250225,0.3125,0.493750225,0.403125112
pao2 --> ph,DST,0.021805073,0.978194928,1.70E-10,0.021805073,0.021805073,0.021805073
pao2 --> ph,Yager,0.150270078,0.518779761,0.33095016,0.150270078,0.481220239,0.315745158
pao2 --> ph,Murphy,0.066076198,0.933902006,2.18E-05,0.066076198,0.066097994,0.066087096
pao2 --> ph,Dubois-Prade,0.150270078,0.518779761,0.33095016,0.150270078,0.481220239,0.315745158
pao2 --> ph,PCR5,0.242859631,0.757140369,4.50E-17,0.242859631,0.242859631,0.242859631
pao2 --> sofa,Simple Average,0.724999,0.1375005,0.1375005,0.724999,0.8624995,0.79374925
pao2 --> sofa,DST,1,4.56E-24,1.17E-26,1,1,1
pao2 --> sofa,Yager,0.999998458,1.02E-07,1.44E-06,0.999998458,0.999999898,0.999999178
pao2 --> sofa,Murphy,0.999893203,0.000106379,4.17E-07,0.999893203,0.999893621,0.999893412
pao2 --> sofa,Dubois-Prade,0.999998458,1.02E-07,1.44E-06,0.999998458,0.999999898,0.999999178
pao2 --> sofa,PCR5,0.999936252,6.37E-05,3.20E-27,0.999936252,0.999936252,0.999936252
pao2 --> spo2,Simple Average,0.712499763,0.2,0.087500237,0.712499763,0.8,0.756249881
pao2 --> spo2,DST,0.999899677,0.000100323,1.43E-12,0.999899677,0.999899677,0.999899677
pao2 --> spo2,Yager,0.975140901,1.79E-07,0.02485892,0.975140901,0.999999821,0.987570361
pao2 --> spo2,Murphy,0.999721859,0.00027812,2.05E-08,0.999721859,0.99972188,0.999721869
pao2 --> spo2,Dubois-Prade,0.975140901,1.79E-07,0.02485892,0.975140901,0.999999821,0.987570361
pao2 --> spo2,PCR5,0.999240073,0.000759927,1.50E-18,0.999240073,0.999240073,0.999240073
pao2 --> vt,Simple Average,0.268750037,0.337500375,0.393749588,0.268750037,0.662499625,0.465624831
pao2 --> vt,DST,0.086443314,0.913185685,0.000371001,0.086443314,0.086814315,0.086628815
pao2 --> vt,Yager,0.440377038,0.183265578,0.376357384,0.440377038,0.816734422,0.62855573
pao2 --> vt,Murphy,0.308834266,0.686281277,0.004884456,0.308834266,0.313718723,0.311276495
pao2 --> vt,Dubois-Prade,0.440377038,0.183265578,0.376357384,0.440377038,0.816734422,0.62855573
pao2 --> vt,PCR5,0.44538343,0.55459157,2.50E-05,0.44538343,0.44540843,0.44539593
peakAirPressure --> age,Simple Average,0.0875005,0.649999525,0.262499975,0.0875005,0.350000475,0.218750487
peakAirPressure --> age,DST,8.69E-15,1,1.70E-16,8.69E-15,8.86E-15,8.78E-15
peakAirPressure --> age,Yager,2.49E-08,0.998242641,0.001757334,2.49E-08,0.001757359,0.000878692
peakAirPressure --> age,Murphy,0.000421399,0.999531721,4.69E-05,0.000421399,0.000468279,0.000444839
peakAirPressure --> age,Dubois-Prade,2.49E-08,0.998242641,0.001757334,2.49E-08,0.001757359,0.000878692
peakAirPressure --> age,PCR5,1.52E-06,0.999998477,7.50E-17,1.52E-06,1.52E-06,1.52E-06
peakAirPressure --> death,Simple Average,0.493750144,0.25,0.256249856,0.493750144,0.75,0.621875072
peakAirPressure --> death,DST,0.000719458,0.999280524,1.87E-08,0.000719458,0.000719476,0.000719467
peakAirPressure --> death,Yager,1.56E-06,0.343318201,0.656680235,1.56E-06,0.656681799,0.328341681
peakAirPressure --> death,Murphy,0.958677883,0.041144054,0.000178062,0.958677883,0.958855946,0.958766914
peakAirPressure --> death,Dubois-Prade,1.56E-06,0.343318201,0.656680235,1.56E-06,0.656681799,0.328341681
peakAirPressure --> death,PCR5,0.440420324,0.559579676,1.69E-11,0.440420324,0.440420324,0.440420324
peakAirPressure --> fio2,Simple Average,0.331250019,0.40625025,0.262499731,0.331250019,0.59374975,0.462499884
peakAirPressure --> fio2,DST,0.228509024,0.771411605,7.94E-05,0.228509024,0.228588395,0.228548709
peakAirPressure --> fio2,Yager,0.07400499,0.688963046,0.237031964,0.07400499,0.311036954,0.192520972
peakAirPressure --> fio2,Murphy,0.278265982,0.721327296,0.000406722,0.278265982,0.278672704,0.278469343
peakAirPressure --> fio2,Dubois-Prade,0.07400499,0.688963046,0.237031964,0.07400499,0.311036954,0.192520972
peakAirPressure --> fio2,PCR5,0.188779874,0.811218626,1.50E-06,0.188779874,0.188781374,0.188780624
peakAirPressure --> gender,Simple Average,0.043750625,0.868748888,0.087500487,0.043750625,0.131251112,0.087500869
peakAirPressure --> gender,DST,1.75E-26,1,1.85E-28,1.75E-26,1.77E-26,1.76E-26
peakAirPressure --> gender,Yager,2.50E-09,0.999998943,1.05E-06,2.50E-09,1.06E-06,5.30E-07
peakAirPressure --> gender,Murphy,1.21E-07,0.999999874,4.91E-09,1.21E-07,1.26E-07,1.24E-07
peakAirPressure --> gender,Dubois-Prade,2.50E-09,0.999998943,1.05E-06,2.50E-09,1.06E-06,5.30E-07
peakAirPressure --> gender,PCR5,6.22E-11,1,1.25E-28,6.22E-11,6.22E-11,6.22E-11
peakAirPressure --> hemoglobin,Simple Average,0.107143286,0.678571,0.214285714,0.107143286,0.321429,0.214286143
peakAirPressure --> hemoglobin,DST,4.06E-14,1,3.65E-16,4.06E-14,4.09E-14,4.08E-14
peakAirPressure --> hemoglobin,Yager,1.07E-07,0.985948914,0.014050979,1.07E-07,0.014051086,0.007025597
peakAirPressure --> hemoglobin,Murphy,0.000737243,0.999216926,4.58E-05,0.000737243,0.000783074,0.000760158
peakAirPressure --> hemoglobin,Dubois-Prade,1.07E-07,0.985948914,0.014050979,1.07E-07,0.014051086,0.007025597
peakAirPressure --> hemoglobin,PCR5,9.40E-05,0.999906019,1.50E-16,9.40E-05,9.40E-05,9.40E-05
peakAirPressure --> lactate,Simple Average,0.300000031,0.524999875,0.175000094,0.300000031,0.475000125,0.387500078
peakAirPressure --> lactate,DST,1.87E-07,0.999999813,9.55E-11,1.87E-07,1.87E-07,1.87E-07
peakAirPressure --> lactate,Yager,0.041891249,0.689720386,0.268388365,0.041891249,0.310279614,0.176085431
peakAirPressure --> lactate,Murphy,0.043005844,0.956979554,1.46E-05,0.043005844,0.043020446,0.043013145
peakAirPressure --> lactate,Dubois-Prade,0.041891249,0.689720386,0.268388365,0.041891249,0.310279614,0.176085431
peakAirPressure --> lactate,PCR5,0.096454145,0.903545855,3.00E-12,0.096454145,0.096454145,0.096454145
peakAirPressure --> paco2,Simple Average,0.456944319,0.315278028,0.227777653,0.456944319,0.684721972,0.570833146
peakAirPressure --> paco2,DST,0.999997052,2.95E-06,2.31E-10,0.999997052,0.999997053,0.999997052
peakAirPressure --> paco2,Yager,0.55321122,0.168017799,0.278770981,0.55321122,0.831982201,0.692596711
peakAirPressure --> paco2,Murphy,0.864626287,0.135244034,0.000129679,0.864626287,0.864755966,0.864691127
peakAirPressure --> paco2,Dubois-Prade,0.55321122,0.168017799,0.278770981,0.55321122,0.831982201,0.692596711
peakAirPressure --> paco2,PCR5,0.721847514,0.278152486,2.78E-12,0.721847514,0.721847514,0.721847514
peakAirPressure --> pao2,Simple Average,0.318750125,0.4249999,0.256249975,0.318750125,0.5750001,0.446875112
peakAirPressure --> pao2,DST,0.085561888,0.914438111,4.75E-10,0.085561888,0.085561889,0.085561888
peakAirPressure --> pao2,Yager,8.12E-07,0.777673665,0.222325523,8.12E-07,0.222326335,0.111163574
peakAirPressure --> pao2,Murphy,0.204560886,0.795120352,0.000318762,0.204560886,0.204879648,0.204720267
peakAirPressure --> pao2,Dubois-Prade,8.12E-07,0.777673665,0.222325523,8.12E-07,0.222326335,0.111163574
peakAirPressure --> pao2,PCR5,0.129568806,0.870431194,1.00E-16,0.129568806,0.129568806,0.129568806
peakAirPressure --> peep,Simple Average,0.337500281,0.381249888,0.281249831,0.337500281,0.618750112,0.478125197
peakAirPressure --> peep,DST,4.32E-06,0.99999568,3.89E-09,4.32E-06,4.32E-06,4.32E-06
peakAirPressure --> peep,Yager,1.16E-06,0.598774014,0.401224822,1.16E-06,0.401225986,0.200613575
peakAirPressure --> peep,Murphy,0.366241957,0.633089428,0.000668615,0.366241957,0.366910572,0.366576264
peakAirPressure --> peep,Dubois-Prade,1.16E-06,0.598774014,0.401224822,1.16E-06,0.401225986,0.200613575
peakAirPressure --> peep,PCR5,0.250866147,0.749133853,4.37E-11,0.250866147,0.250866147,0.250866147
peakAirPressure --> ph,Simple Average,0.287500075,0.381250137,0.331249788,0.287500075,0.618749863,0.453124969
peakAirPressure --> ph,DST,0.044354081,0.955645918,1.11E-09,0.044354081,0.044354082,0.044354081
peakAirPressure --> ph,Yager,0.075850965,0.510487662,0.413661374,0.075850965,0.489512338,0.282681652
peakAirPressure --> ph,Murphy,0.243165965,0.755182198,0.001651836,0.243165965,0.244817802,0.243991883
peakAirPressure --> ph,Dubois-Prade,0.075850965,0.510487662,0.413661374,0.075850965,0.489512338,0.282681652
peakAirPressure --> ph,PCR5,0.236408342,0.763591658,5.25E-11,0.236408342,0.236408342,0.236408342
peakAirPressure --> sao2,Simple Average,0.350000156,0.38125,0.268749844,0.350000156,0.61875,0.484375078
peakAirPressure --> sao2,DST,7.19E-06,0.99999281,1.80E-09,7.19E-06,7.19E-06,7.19E-06
peakAirPressure --> sao2,Yager,8.72E-07,0.728509617,0.271489511,8.72E-07,0.271490383,0.135745628
peakAirPressure --> sao2,Murphy,0.402409877,0.597079756,0.000510368,0.402409877,0.402920244,0.40266506
peakAirPressure --> sao2,Dubois-Prade,8.72E-07,0.728509617,0.271489511,8.72E-07,0.271490383,0.135745628
peakAirPressure --> sao2,PCR5,0.171873868,0.828126132,2.19E-11,0.171873868,0.171873868,0.171873868
peakAirPressure --> sofa,Simple Average,0.218750237,0.562499625,0.218750137,0.218750237,0.437500375,0.328125306
peakAirPressure --> sofa,DST,6.90E-13,1,9.26E-16,6.90E-13,6.91E-13,6.91E-13
peakAirPressure --> sofa,Yager,6.82E-07,0.801748868,0.19825045,6.82E-07,0.198251132,0.099125907
peakAirPressure --> sofa,Murphy,0.009542111,0.990420469,3.74E-05,0.009542111,0.009579531,0.009560821
peakAirPressure --> sofa,Dubois-Prade,6.82E-07,0.801748868,0.19825045,6.82E-07,0.198251132,0.099125907
peakAirPressure --> sofa,PCR5,0.039056278,0.960943722,9.00E-17,0.039056278,0.039056278,0.039056278
peep --> age,Simple Average,0.081250562,0.606249731,0.312499706,0.081250562,0.393750269,0.237500416
peep --> age,DST,7.02E-10,0.999999999,1.75E-16,7.02E-10,7.02E-10,7.02E-10
peep --> age,Yager,2.46E-08,0.998086396,0.001913579,2.46E-08,0.001913604,0.000956814
peep --> age,Murphy,0.000958056,0.998862965,0.00017898,0.000958056,0.001137035,0.001047545
peep --> age,Dubois-Prade,2.46E-08,0.998086396,0.001913579,2.46E-08,0.001913604,0.000956814
peep --> age,PCR5,1.71E-05,0.999982872,7.50E-17,1.71E-05,1.71E-05,1.71E-05
peep --> apsiii,Simple Average,0.499999913,0.3437499,0.156250187,0.499999913,0.6562501,0.578125006
peep --> apsiii,DST,0.900074172,0.099925831,4.44E-10,0.900074172,0.900074172,0.900074172
peep --> apsiii,Yager,1.59E-06,0.338709452,0.661288961,1.59E-06,0.661290548,0.330646067
peep --> apsiii,Murphy,0.898023992,0.101966733,9.27E-06,0.898023992,0.898033267,0.898028629
peep --> apsiii,Dubois-Prade,1.59E-06,0.338709452,0.661288961,1.59E-06,0.661290548,0.330646067
peep --> apsiii,PCR5,0.379083945,0.620916055,6.00E-17,0.379083945,0.379083945,0.379083945
peep --> ards,Simple Average,0.300000025,0.493749875,0.2062501,0.300000025,0.506250125,0.403125075
peep --> ards,DST,6.80E-07,0.99999932,4.25E-10,6.80E-07,6.80E-07,6.80E-07
peep --> ards,Yager,0.070656,0.694104002,0.235239998,0.070656,0.305895998,0.188275999
peep --> ards,Murphy,0.069580271,0.930366879,5.29E-05,0.069580271,0.069633121,0.069606696
peep --> ards,Dubois-Prade,0.070656,0.694104002,0.235239998,0.070656,0.305895998,0.188275999
peep --> ards,PCR5,0.106082347,0.893917653,1.20E-11,0.106082347,0.106082347,0.106082347
peep --> copd,Simple Average,0.181250144,0.662499625,0.156250231,0.181250144,0.337500375,0.259375259
peep --> copd,DST,9.76E-14,1,2.58E-16,9.76E-14,9.78E-14,9.77E-14
peep --> copd,Yager,1.29E-07,0.983540161,0.01645971,1.29E-07,0.016459839,0.008229984
peep --> copd,Murphy,0.0008312,0.999167042,1.76E-06,0.0008312,0.000832958,0.000832079
peep --> copd,Dubois-Prade,1.29E-07,0.983540161,0.01645971,1.29E-07,0.016459839,0.008229984
peep --> copd,PCR5,0.000221618,0.999778382,2.02E-17,0.000221618,0.000221618,0.000221618
peep --> fio2,Simple Average,0.410416685,0.222916917,0.366666398,0.410416685,0.777083083,0.593749884
peep --> fio2,DST,0.949620552,0.049993894,0.000385554,0.949620552,0.950006106,0.949813329
peep --> fio2,Yager,0.404087095,0.262579571,0.333333333,0.404087095,0.737420429,0.570753762
peep --> fio2,Murphy,0.900839709,0.096941353,0.002218938,0.900839709,0.903058647,0.901949178
peep --> fio2,Dubois-Prade,0.404087095,0.262579571,0.333333333,0.404087095,0.737420429,0.570753762
peep --> fio2,PCR5,0.72397989,0.27597511,4.50E-05,0.72397989,0.72402489,0.72400239
peep --> gender,Simple Average,0.031250625,0.837498888,0.131250487,0.031250625,0.162501112,0.096875869
peep --> gender,DST,3.69E-26,1,5.20E-28,3.69E-26,3.74E-26,3.72E-26
peep --> gender,Yager,5.00E-09,0.999998935,1.06E-06,5.00E-09,1.06E-06,5.35E-07
peep --> gender,Murphy,5.13E-07,0.999999373,1.14E-07,5.13E-07,6.27E-07,5.70E-07
peep --> gender,Dubois-Prade,5.00E-09,0.999998935,1.06E-06,5.00E-09,1.06E-06,5.35E-07
peep --> gender,PCR5,1.52E-10,1,4.00E-28,1.52E-10,1.52E-10,1.52E-10
peep --> medical,Simple Average,0.166250312,0.597499525,0.236250162,0.166250312,0.402500475,0.284375394
peep --> medical,DST,1.94E-13,1,3.22E-15,1.94E-13,1.98E-13,1.96E-13
peep --> medical,Yager,2.44E-07,0.959754253,0.040245503,2.44E-07,0.040245747,0.020122996
peep --> medical,Murphy,0.002900164,0.997058395,4.14E-05,0.002900164,0.002941605,0.002920884
peep --> medical,Dubois-Prade,2.44E-07,0.959754253,0.040245503,2.44E-07,0.040245747,0.020122996
peep --> medical,PCR5,0.001373756,0.998626244,6.12E-16,0.001373756,0.001373756,0.001373756
peep --> minVentVol,Simple Average,0.312500062,0.35000025,0.337499688,0.312500062,0.64999975,0.481249906
peep --> minVentVol,DST,0.239826602,0.759806803,0.000366595,0.239826602,0.240193197,0.2400099
peep --> minVentVol,Yager,0.161787479,0.51650131,0.321711211,0.161787479,0.48349869,0.322643085
peep --> minVentVol,Murphy,0.388406566,0.60953058,0.002062854,0.388406566,0.39046942,0.389437993
peep --> minVentVol,Dubois-Prade,0.161787479,0.51650131,0.321711211,0.161787479,0.48349869,0.322643085
peep --> minVentVol,PCR5,0.311687012,0.688294238,1.87E-05,0.311687012,0.311705762,0.311696387
peep --> oxygenation,Simple Average,0.599999731,0.200000375,0.199999894,0.599999731,0.799999625,0.699999678
peep --> oxygenation,DST,0.997833238,0.002159119,7.64E-06,0.997833238,0.997840881,0.99783706
peep --> oxygenation,Yager,0.160861395,0.26724459,0.571894015,0.160861395,0.73275541,0.446808402
peep --> oxygenation,Murphy,0.996108855,0.003875945,1.52E-05,0.996108855,0.996124055,0.996116455
peep --> oxygenation,Dubois-Prade,0.160861395,0.26724459,0.571894015,0.160861395,0.73275541,0.446808402
peep --> oxygenation,PCR5,0.590436161,0.409563214,6.25E-07,0.590436161,0.590436786,0.590436473
peep --> pao2,Simple Average,0.643749631,0.0812505,0.274999869,0.643749631,0.9187495,0.781249566
peep --> pao2,DST,0.999845606,0.000134177,2.02E-05,0.999845606,0.999865823,0.999855714
peep --> pao2,Yager,0.862851671,0.019498803,0.117649526,0.862851671,0.980501197,0.921676434
peep --> pao2,Murphy,0.999489175,0.000446424,6.44E-05,0.999489175,0.999553576,0.999521376
peep --> pao2,Dubois-Prade,0.862851671,0.019498803,0.117649526,0.862851671,0.980501197,0.921676434
peep --> pao2,PCR5,0.980194037,0.019796063,9.90E-06,0.980194037,0.980203937,0.980198987
peep --> peakAirPressure,Simple Average,0.606249781,0.137500375,0.256249844,0.606249781,0.862499625,0.734374703
peep --> peakAirPressure,DST,0.999999989,1.12E-08,6.61E-11,0.999999989,0.999999989,0.999999989
peep --> peakAirPressure,Yager,0.919761284,4.23E-07,0.080238293,0.919761284,0.999999577,0.95988043
peep --> peakAirPressure,Murphy,0.998116772,0.001822632,6.06E-05,0.998116772,0.998177368,0.99814707
peep --> peakAirPressure,Dubois-Prade,0.919761284,4.23E-07,0.080238293,0.919761284,0.999999577,0.95988043
peep --> peakAirPressure,PCR5,0.99406294,0.00593706,1.87E-11,0.99406294,0.99406294,0.99406294
peep --> sao2,Simple Average,0.612499731,0.131250312,0.256249956,0.612499731,0.868749688,0.740624709
peep --> sao2,DST,0.999601321,0.000398679,1.11E-15,0.999601321,0.999601321,0.999601321
peep --> sao2,Yager,0.898670738,0.012378099,0.088951163,0.898670738,0.987621901,0.943146319
peep --> sao2,Murphy,0.998435543,0.001507244,5.72E-05,0.998435543,0.998492756,0.998464149
peep --> sao2,Dubois-Prade,0.898670738,0.012378099,0.088951163,0.898670738,0.987621901,0.943146319
peep --> sao2,PCR5,0.988247094,0.011752906,3.37E-16,0.988247094,0.988247094,0.988247094
peep --> sofa,Simple Average,0.34375,0.556249625,0.100000375,0.34375,0.443750375,0.393750187
peep --> sofa,DST,4.44E-07,0.999999558,3.86E-16,4.44E-07,4.44E-07,4.44E-07
peep --> sofa,Yager,6.42E-07,0.821498843,0.178500515,6.42E-07,0.178501157,0.089250899
peep --> sofa,Murphy,0.041876829,0.958122893,2.79E-07,0.041876829,0.041877107,0.041876968
peep --> sofa,Dubois-Prade,6.42E-07,0.821498843,0.178500515,6.42E-07,0.178501157,0.089250899
peep --> sofa,PCR5,0.043609392,0.956390608,6.25E-23,0.043609392,0.043609392,0.043609392
peep --> spo2,Simple Average,0.618749888,0.13750025,0.243749863,0.618749888,0.86249975,0.740624819
peep --> spo2,DST,0.999228983,0.000765663,5.35E-06,0.999228983,0.999234337,0.99923166
peep --> spo2,Yager,0.820677942,0.034671817,0.144650242,0.820677942,0.965328183,0.893003062
peep --> spo2,Murphy,0.998544564,0.001414804,4.06E-05,0.998544564,0.998585196,0.99856488
peep --> spo2,Dubois-Prade,0.820677942,0.034671817,0.144650242,0.820677942,0.965328183,0.893003062
peep --> spo2,PCR5,0.97537784,0.02462066,1.50E-06,0.97537784,0.97537934,0.97537859
peep --> trauma,Simple Average,0.1312505,0.799999,0.0687505,0.1312505,0.200001,0.16562575
peep --> trauma,DST,9.40E-25,1,1.23E-27,9.40E-25,9.41E-25,9.41E-25
peep --> trauma,Yager,2.10E-08,0.999998776,1.20E-06,2.10E-08,1.22E-06,6.23E-07
peep --> trauma,Murphy,7.89E-06,0.99999211,1.54E-09,7.89E-06,7.89E-06,7.89E-06
peep --> trauma,Dubois-Prade,2.10E-08,0.999998776,1.20E-06,2.10E-08,1.22E-06,6.23E-07
peep --> trauma,PCR5,4.41E-07,0.999999559,3.00E-28,4.41E-07,4.41E-07,4.41E-07
ph --> hemoglobin,Simple Average,0.10625035,0.606249525,0.287500125,0.10625035,0.393750475,0.250000412
ph --> hemoglobin,DST,5.51E-14,1,1.34E-15,5.51E-14,5.64E-14,5.57E-14
ph --> hemoglobin,Yager,1.67E-07,0.975642855,0.024356978,1.67E-07,0.024357145,0.012178656
ph --> hemoglobin,Murphy,0.001302843,0.998582655,0.000114501,0.001302843,0.001417345,0.001360094
ph --> hemoglobin,Dubois-Prade,1.67E-07,0.975642855,0.024356978,1.67E-07,0.024357145,0.012178656
ph --> hemoglobin,PCR5,0.000507524,0.999492476,5.12E-16,0.000507524,0.000507524,0.000507524
ph --> lactate,Simple Average,0.337500375,0.52499925,0.137500375,0.337500375,0.47500075,0.406250562
ph --> lactate,DST,1.04E-16,1,1.95E-20,1.04E-16,1.04E-16,1.04E-16
ph --> lactate,Yager,1.34E-06,0.48949884,0.510499821,1.34E-06,0.51050116,0.25525125
ph --> lactate,Murphy,0.065272869,0.934723912,3.22E-06,0.065272869,0.065276088,0.065274478
ph --> lactate,Dubois-Prade,1.34E-06,0.48949884,0.510499821,1.34E-06,0.51050116,0.25525125
ph --> lactate,PCR5,0.215488446,0.784511554,3.75E-22,0.215488446,0.215488446,0.215488446
ph --> paco2,Simple Average,0.318750287,0.531249375,0.150000337,0.318750287,0.468750625,0.393750456
ph --> paco2,DST,9.65E-17,1,4.46E-20,9.65E-17,9.65E-17,9.65E-17
ph --> paco2,Yager,1.43E-06,0.474698767,0.525299806,1.43E-06,0.525301233,0.26265133
ph --> paco2,Murphy,0.047835304,0.952159435,5.26E-06,0.047835304,0.047840565,0.047837935
ph --> paco2,Dubois-Prade,1.43E-06,0.474698767,0.525299806,1.43E-06,0.525301233,0.26265133
ph --> paco2,PCR5,0.205978053,0.794021947,6.75E-22,0.205978053,0.205978053,0.205978053
ph --> pao2,Simple Average,0.256250125,0.574999525,0.16875035,0.256250125,0.425000475,0.3406253
ph --> pao2,DST,7.90E-08,0.999999922,1.16E-15,7.90E-08,7.90E-08,7.90E-08
ph --> pao2,Yager,5.22E-07,0.859518714,0.140480764,5.22E-07,0.140481286,0.070240904
ph --> pao2,Murphy,0.011233765,0.988759291,6.94E-06,0.011233765,0.011240709,0.011237237
ph --> pao2,Dubois-Prade,5.22E-07,0.859518714,0.140480764,5.22E-07,0.140481286,0.070240904
ph --> pao2,PCR5,0.034423616,0.965576384,6.00E-22,0.034423616,0.034423616,0.034423616
ph --> peakAirPressure,Simple Average,0.143750375,0.599999625,0.25625,0.143750375,0.400000375,0.271875375
ph --> peakAirPressure,DST,9.85E-14,1,5.90E-16,9.85E-14,9.91E-14,9.88E-14
ph --> peakAirPressure,Yager,3.72E-07,0.942761237,0.057238391,3.72E-07,0.057238763,0.028619568
ph --> peakAirPressure,Murphy,0.002199003,0.997736795,6.42E-05,0.002199003,0.002263205,0.002231104
ph --> peakAirPressure,Dubois-Prade,3.72E-07,0.942761237,0.057238391,3.72E-07,0.057238763,0.028619568
ph --> peakAirPressure,PCR5,0.004208695,0.995791305,1.50E-16,0.004208695,0.004208695,0.004208695
ph --> sao2,Simple Average,0.28125,0.568749625,0.150000375,0.28125,0.431250375,0.356250187
ph --> sao2,DST,9.02E-08,0.999999911,4.15E-16,9.02E-08,9.02E-08,9.02E-08
ph --> sao2,Yager,5.88E-07,0.848131406,0.151868005,5.88E-07,0.151868594,0.075934591
ph --> sao2,Murphy,0.016515342,0.983481119,3.54E-06,0.016515342,0.016518881,0.016517111
ph --> sao2,Dubois-Prade,5.88E-07,0.848131406,0.151868005,5.88E-07,0.151868594,0.075934591
ph --> sao2,PCR5,0.046131499,0.953868501,1.50E-22,0.046131499,0.046131499,0.046131499
ph --> sofa,Simple Average,0.450000125,0.437499525,0.11250035,0.450000125,0.562500475,0.5062503
ph --> sofa,DST,2.28E-05,0.999977224,6.25E-15,2.28E-05,2.28E-05,2.28E-05
ph --> sofa,Yager,1.39E-06,0.451398909,0.548599696,1.39E-06,0.548601091,0.274301243
ph --> sofa,Murphy,0.544826532,0.455172073,1.39E-06,0.544826532,0.544827927,0.54482723
ph --> sofa,Dubois-Prade,1.39E-06,0.451398909,0.548599696,1.39E-06,0.548601091,0.274301243
ph --> sofa,PCR5,0.329859693,0.670140307,1.00E-22,0.329859693,0.329859693,0.329859693
sao2 --> age,Simple Average,0.256250212,0.518749669,0.225000119,0.256250212,0.481250331,0.368750272
sao2 --> age,DST,4.95E-08,0.99999995,8.43E-21,4.95E-08,4.95E-08,4.95E-08
sao2 --> age,Yager,2.33E-07,0.97193371,0.028066057,2.33E-07,0.02806629,0.014033261
sao2 --> age,Murphy,0.02974718,0.970184753,6.81E-05,0.02974718,0.029815247,0.029781214
sao2 --> age,Dubois-Prade,2.33E-07,0.97193371,0.028066057,2.33E-07,0.02806629,0.014033261
sao2 --> age,PCR5,0.010936814,0.989063186,3.06E-22,0.010936814,0.010936814,0.010936814
sao2 --> paco2,Simple Average,0.231250187,0.41875,0.349999813,0.231250187,0.58125,0.406250094
sao2 --> paco2,DST,5.41E-07,0.999999456,3.02E-09,5.41E-07,5.44E-07,5.43E-07
sao2 --> paco2,Yager,7.17E-07,0.802373932,0.197625351,7.17E-07,0.197626068,0.098813392
sao2 --> paco2,Murphy,0.094995376,0.903333868,0.001670756,0.094995376,0.096666132,0.095830754
sao2 --> paco2,Dubois-Prade,7.17E-07,0.802373932,0.197625351,7.17E-07,0.197626068,0.098813392
sao2 --> paco2,PCR5,0.07120725,0.92879275,3.00E-10,0.07120725,0.07120725,0.07120725
sao2 --> peakAirPressure,Simple Average,0.100000237,0.5125,0.387499763,0.100000237,0.4875,0.293750119
sao2 --> peakAirPressure,DST,1.49E-08,0.999999985,1.29E-10,1.49E-08,1.50E-08,1.49E-08
sao2 --> peakAirPressure,Yager,3.06E-07,0.945065861,0.054933833,3.06E-07,0.054934139,0.027467223
sao2 --> peakAirPressure,Murphy,0.006191154,0.992635205,0.001173641,0.006191154,0.007364795,0.006777975
sao2 --> peakAirPressure,Dubois-Prade,3.06E-07,0.945065861,0.054933833,3.06E-07,0.054934139,0.027467223
sao2 --> peakAirPressure,PCR5,0.002502431,0.997497569,5.40E-11,0.002502431,0.002502431,0.002502431
sao2 --> peep,Simple Average,0.225000144,0.606249625,0.168750231,0.225000144,0.393750375,0.309375259
sao2 --> peep,DST,6.95E-13,1,1.43E-15,6.95E-13,6.96E-13,6.95E-13
sao2 --> peep,Yager,2.86E-07,0.951352339,0.048647375,2.86E-07,0.048647661,0.024323974
sao2 --> peep,Murphy,0.00441508,0.995579889,5.03E-06,0.00441508,0.004420111,0.004417596
sao2 --> peep,Dubois-Prade,2.86E-07,0.951352339,0.048647375,2.86E-07,0.048647661,0.024323974
sao2 --> peep,PCR5,0.005008342,0.994991658,7.20E-17,0.005008342,0.005008342,0.005008342
sao2 --> ph,Simple Average,0.275,0.568749625,0.156250375,0.275,0.431250375,0.353125187
sao2 --> ph,DST,8.47E-08,0.999999916,3.97E-16,8.47E-08,8.47E-08,8.47E-08
sao2 --> ph,Yager,8.29E-07,0.795178774,0.204820396,8.29E-07,0.204821226,0.102411027
sao2 --> ph,Murphy,0.015425926,0.984569492,4.58E-06,0.015425926,0.015430508,0.015428217
sao2 --> ph,Dubois-Prade,8.29E-07,0.795178774,0.204820396,8.29E-07,0.204821226,0.102411027
sao2 --> ph,PCR5,0.059183817,0.940816183,1.80E-22,0.059183817,0.059183817,0.059183817
sao2 --> sofa,Simple Average,0.524999938,0.3062499,0.168750162,0.524999938,0.6937501,0.609375019
sao2 --> sofa,DST,0.947735341,0.05226466,2.90E-10,0.947735341,0.947735341,0.947735341
sao2 --> sofa,Yager,1.66E-06,0.270709693,0.729288646,1.66E-06,0.729290307,0.364645984
sao2 --> sofa,Murphy,0.953927118,0.046061191,1.17E-05,0.953927118,0.953938809,0.953932963
sao2 --> sofa,Dubois-Prade,1.66E-06,0.270709693,0.729288646,1.66E-06,0.729290307,0.364645984
sao2 --> sofa,PCR5,0.43594425,0.56405575,6.00E-17,0.43594425,0.43594425,0.43594425
sao2 --> spo2,Simple Average,0.468749906,0.231250125,0.299999969,0.468749906,0.768749875,0.618749891
sao2 --> spo2,DST,0.96453887,0.035461128,1.90E-09,0.96453887,0.964538872,0.964538871
sao2 --> spo2,Yager,0.953523378,3.16E-07,0.046476306,0.953523378,0.999999684,0.976761531
sao2 --> spo2,Murphy,0.950533327,0.048955121,0.000511553,0.950533327,0.951044879,0.950789103
sao2 --> spo2,Dubois-Prade,0.953523378,3.16E-07,0.046476306,0.953523378,0.999999684,0.976761531
sao2 --> spo2,PCR5,0.950611069,0.049388931,1.50E-15,0.950611069,0.950611069,0.950611069
smoker --> age,Simple Average,0.468749713,0.412499788,0.1187505,0.468749713,0.587500212,0.528124963
smoker --> age,DST,0.781608559,0.218391446,2.51E-20,0.781608559,0.781608559,0.781608559
smoker --> age,Yager,1.23E-06,0.57994924,0.42004953,1.23E-06,0.42005076,0.210025995
smoker --> age,Murphy,0.691073753,0.308924322,1.93E-06,0.691073753,0.691075678,0.691074715
smoker --> age,Dubois-Prade,1.23E-06,0.57994924,0.42004953,1.23E-06,0.42005076,0.210025995
smoker --> age,PCR5,0.292889213,0.707110787,2.62E-27,0.292889213,0.292889213,0.292889213
smoker --> copd,Simple Average,0.818749538,0.062500237,0.118750225,0.818749538,0.937499763,0.87812465
smoker --> copd,DST,1,2.03E-11,7.60E-18,1,1,1
smoker --> copd,Yager,0.883558795,0.007329677,0.109111528,0.883558795,0.992670323,0.938114559
smoker --> copd,Murphy,0.999998048,1.89E-06,6.63E-08,0.999998048,0.999998114,0.999998081
smoker --> copd,Dubois-Prade,0.883558795,0.007329677,0.109111528,0.883558795,0.992670323,0.938114559
smoker --> copd,PCR5,0.989858348,0.010141652,4.50E-18,0.989858348,0.989858348,0.989858348
smoker --> fio2,Simple Average,0.356250075,0.26875025,0.374999675,0.356250075,0.73124975,0.543749913
smoker --> fio2,DST,0.766923438,0.232219665,0.000856897,0.766923438,0.767780335,0.767351887
smoker --> fio2,Yager,0.225789753,0.393681501,0.380528746,0.225789753,0.606318499,0.416054126
smoker --> fio2,Murphy,0.733951253,0.262521216,0.003527531,0.733951253,0.737478784,0.735715019
smoker --> fio2,Dubois-Prade,0.225789753,0.393681501,0.380528746,0.225789753,0.606318499,0.416054126
smoker --> fio2,PCR5,0.513357595,0.486588406,5.40E-05,0.513357595,0.513411594,0.513384595
smoker --> ischemicHd,Simple Average,0.81249965,0.07500025,0.1125001,0.81249965,0.92499975,0.8687497
smoker --> ischemicHd,DST,1,6.27E-11,7.55E-13,1,1,1
smoker --> ischemicHd,Yager,0.882933743,0.009477553,0.107588704,0.882933743,0.990522447,0.936728095
smoker --> ischemicHd,Murphy,0.99999715,2.80E-06,4.79E-08,0.99999715,0.999997198,0.999997174
smoker --> ischemicHd,Dubois-Prade,0.882933743,0.009477553,0.107588704,0.882933743,0.990522447,0.936728095
smoker --> ischemicHd,PCR5,0.989584647,0.010415353,4.00E-13,0.989584647,0.989584647,0.989584647
smoker --> paco2,Simple Average,0.581249906,0.143750237,0.274999856,0.581249906,0.856249763,0.718749834
smoker --> paco2,DST,0.999504206,0.000495793,1.10E-10,0.999504206,0.999504207,0.999504207
smoker --> paco2,Yager,0.618025471,0.11031552,0.271659009,0.618025471,0.88968448,0.753854976
smoker --> paco2,Murphy,0.996738136,0.003149018,0.000112846,0.996738136,0.996850982,0.996794559
smoker --> paco2,Dubois-Prade,0.618025471,0.11031552,0.271659009,0.618025471,0.88968448,0.753854976
smoker --> paco2,PCR5,0.902080438,0.097919562,3.00E-11,0.902080438,0.902080438,0.902080438
smoker --> spo2,Simple Average,0.65624965,0.18125025,0.1625001,0.65624965,0.81874975,0.7374997
smoker --> spo2,DST,0.999999991,8.78E-09,2.47E-11,0.999999991,0.999999991,0.999999991
smoker --> spo2,Yager,0.695354706,0.078446532,0.226198762,0.695354706,0.921553468,0.808454087
smoker --> spo2,Murphy,0.999035466,0.000962129,2.41E-06,0.999035466,0.999037871,0.999036668
smoker --> spo2,Dubois-Prade,0.695354706,0.078446532,0.226198762,0.695354706,0.921553468,0.808454087
smoker --> spo2,PCR5,0.910544391,0.089455609,4.20E-12,0.910544391,0.910544391,0.910544391
smoker --> surgery,Simple Average,0.2062505,0.662499288,0.131250212,0.2062505,0.337500712,0.271875606
smoker --> surgery,DST,1.00E-13,1,2.24E-16,1.00E-13,1.00E-13,1.00E-13
smoker --> surgery,Yager,0.023700396,0.827998968,0.148300635,0.023700396,0.172001032,0.097850714
smoker --> surgery,Murphy,0.001066692,0.99893275,5.58E-07,0.001066692,0.00106725,0.001066971
smoker --> surgery,Dubois-Prade,0.023700396,0.827998968,0.148300635,0.023700396,0.172001032,0.097850714
smoker --> surgery,PCR5,0.058316841,0.941683159,2.00E-17,0.058316841,0.058316841,0.058316841
sofa --> apsiii,Simple Average,0.493749844,0.362499869,0.143750287,0.493749844,0.637500131,0.565624988
sofa --> apsiii,DST,0.919354866,0.080645137,2.39E-15,0.919354866,0.919354866,0.919354866
sofa --> apsiii,Yager,0.932673618,6.06E-07,0.067325776,0.932673618,0.999999394,0.966336506
sofa --> apsiii,Murphy,0.863442527,0.136551702,5.77E-06,0.863442527,0.863448298,0.863445413
sofa --> apsiii,Dubois-Prade,0.932673618,6.06E-07,0.067325776,0.932673618,0.999999394,0.966336506
sofa --> apsiii,PCR5,0.906643549,0.093356451,2.00E-22,0.906643549,0.906643549,0.906643549
sofa --> copd,Simple Average,0.056250625,0.8249989,0.118750475,0.056250625,0.1750011,0.115625862
sofa --> copd,DST,2.17E-25,1,2.45E-27,2.17E-25,2.20E-25,2.18E-25
sofa --> copd,Yager,1.50E-08,0.999998805,1.18E-06,1.50E-08,1.19E-06,6.05E-07
sofa --> copd,Murphy,1.34E-06,0.999998602,6.28E-08,1.34E-06,1.40E-06,1.37E-06
sofa --> copd,Dubois-Prade,1.50E-08,0.999998805,1.18E-06,1.50E-08,1.19E-06,6.05E-07
sofa --> copd,PCR5,2.40E-07,0.99999976,1.50E-27,2.40E-07,2.40E-07,2.40E-07
sofa --> fio2,Simple Average,0.1125005,0.74374915,0.14375035,0.1125005,0.25625085,0.184375675
sofa --> fio2,DST,1.32E-19,1,1.02E-21,1.32E-19,1.33E-19,1.33E-19
sofa --> fio2,Yager,0.006000444,0.693999533,0.300000023,0.006000444,0.306000467,0.156000456
sofa --> fio2,Murphy,4.78E-05,0.999951699,4.74E-07,4.78E-05,4.83E-05,4.81E-05
sofa --> fio2,Dubois-Prade,0.006000444,0.693999533,0.300000023,0.006000444,0.306000467,0.156000456
sofa --> fio2,PCR5,0.069987666,0.930012334,3.60E-22,0.069987666,0.069987666,0.069987666
sofa --> gender,Simple Average,0.081250625,0.849998888,0.068750487,0.081250625,0.150001112,0.115625869
sofa --> gender,DST,5.95E-26,1,3.51E-28,5.95E-26,5.99E-26,5.97E-26
sofa --> gender,Yager,5.00E-09,0.999998935,1.06E-06,5.00E-09,1.06E-06,5.35E-07
sofa --> gender,Murphy,5.04E-07,0.999999495,9.83E-10,5.04E-07,5.05E-07,5.04E-07
sofa --> gender,Dubois-Prade,5.00E-09,0.999998935,1.06E-06,5.00E-09,1.06E-06,5.35E-07
sofa --> gender,PCR5,1.64E-10,1,1.50E-28,1.64E-10,1.64E-10,1.64E-10
sofa --> hemoglobin,Simple Average,0.156250312,0.756249188,0.0875005,0.156250312,0.243750812,0.200000562
sofa --> hemoglobin,DST,2.73E-19,1,2.56E-27,2.73E-19,2.73E-19,2.73E-19
sofa --> hemoglobin,Yager,1.81E-07,0.97574881,0.024251009,1.81E-07,0.02425119,0.012125686
sofa --> hemoglobin,Murphy,4.85E-05,0.999951489,1.34E-08,4.85E-05,4.85E-05,4.85E-05
sofa --> hemoglobin,Dubois-Prade,1.81E-07,0.97574881,0.024251009,1.81E-07,0.02425119,0.012125686
sofa --> hemoglobin,PCR5,0.000640787,0.999359213,5.25E-28,0.000640787,0.000640787,0.000640787
sofa --> lactate,Simple Average,0.1750005,0.643749325,0.181250175,0.1750005,0.356250675,0.265625587
sofa --> lactate,DST,1.04E-13,1,6.25E-16,1.04E-13,1.05E-13,1.05E-13
sofa --> lactate,Yager,0.075000611,0.459999658,0.464999731,0.075000611,0.540000342,0.307500477
sofa --> lactate,Murphy,0.001202097,0.998792482,5.42E-06,0.001202097,0.001207518,0.001204808
sofa --> lactate,Dubois-Prade,0.075000611,0.459999658,0.464999731,0.075000611,0.540000342,0.307500477
sofa --> lactate,PCR5,0.18541071,0.81458929,1.00E-16,0.18541071,0.18541071,0.18541071
sofa --> pao2,Simple Average,0.0812505,0.824999,0.0937505,0.0812505,0.175001,0.12812575
sofa --> pao2,DST,2.78E-25,1,1.24E-27,2.78E-25,2.79E-25,2.78E-25
sofa --> pao2,Yager,1.80E-08,0.999998791,1.19E-06,1.80E-08,1.21E-06,6.14E-07
sofa --> pao2,Murphy,1.72E-06,0.999998267,1.18E-08,1.72E-06,1.73E-06,1.73E-06
sofa --> pao2,Dubois-Prade,1.80E-08,0.999998791,1.19E-06,1.80E-08,1.21E-06,6.14E-07
sofa --> pao2,PCR5,2.69E-07,0.999999731,6.00E-28,2.69E-07,2.69E-07,2.69E-07
sofa --> peakAirPressure,Simple Average,0.062500625,0.804860138,0.132639237,0.062500625,0.195139862,0.128820244
sofa --> peakAirPressure,DST,8.47E-21,1,1.74E-22,8.47E-21,8.64E-21,8.56E-21
sofa --> peakAirPressure,Yager,4.35E-08,0.997998668,0.002001289,4.35E-08,0.002001332,0.001000688
sofa --> peakAirPressure,Murphy,3.36E-06,0.999996476,1.61E-07,3.36E-06,3.52E-06,3.44E-06
sofa --> peakAirPressure,Dubois-Prade,4.35E-08,0.997998668,0.002001289,4.35E-08,0.002001332,0.001000688
sofa --> peakAirPressure,PCR5,0.000130579,0.999869421,1.00E-22,0.000130579,0.000130579,0.000130579
sofa --> peep,Simple Average,0.112500375,0.7062494,0.181250225,0.112500375,0.2937506,0.203125487
sofa --> peep,DST,1.83E-14,1,1.98E-16,1.83E-14,1.85E-14,1.84E-14
sofa --> peep,Yager,0.043125018,0.777174962,0.17970002,0.043125018,0.222825038,0.132975028
sofa --> peep,Murphy,0.000140995,0.99985598,3.03E-06,0.000140995,0.00014402,0.000142507
sofa --> peep,Dubois-Prade,0.043125018,0.777174962,0.17970002,0.043125018,0.222825038,0.132975028
sofa --> peep,PCR5,0.036785797,0.963214203,7.20E-17,0.036785797,0.036785797,0.036785797
sofa --> ph,Simple Average,0.1562505,0.762499,0.0812505,0.1562505,0.237501,0.19687575
sofa --> ph,DST,2.56E-24,1,2.45E-27,2.56E-24,2.56E-24,2.56E-24
sofa --> ph,Yager,3.30E-08,0.999998718,1.25E-06,3.30E-08,1.28E-06,6.58E-07
sofa --> ph,Murphy,3.94E-05,0.999960591,7.39E-09,3.94E-05,3.94E-05,3.94E-05
sofa --> ph,Dubois-Prade,3.30E-08,0.999998718,1.25E-06,3.30E-08,1.28E-06,6.58E-07
sofa --> ph,PCR5,9.25E-06,0.999990748,4.50E-28,9.25E-06,9.25E-06,9.25E-06
sofa --> sao2,Simple Average,0.2437505,0.687499,0.0687505,0.2437505,0.312501,0.27812575
sofa --> sao2,DST,4.27E-23,1,7.06E-27,4.27E-23,4.27E-23,4.27E-23
sofa --> sao2,Yager,1.88E-07,0.999998068,1.74E-06,1.88E-07,1.93E-06,1.06E-06
sofa --> sao2,Murphy,0.000849413,0.999150582,4.66E-09,0.000849413,0.000849418,0.000849416
sofa --> sao2,Dubois-Prade,1.88E-07,0.999998068,1.74E-06,1.88E-07,1.93E-06,1.06E-06
sofa --> sao2,PCR5,0.005089224,0.994910776,3.00E-28,0.005089224,0.005089224,0.005089224
sofa --> spo2,Simple Average,0.220833833,0.684026778,0.095139389,0.220833833,0.315973222,0.268403528
sofa --> spo2,DST,2.86E-23,1,8.93E-27,2.86E-23,2.86E-23,2.86E-23
sofa --> spo2,Yager,1.35E-07,0.999998332,1.53E-06,1.35E-07,1.67E-06,9.01E-07
sofa --> spo2,Murphy,0.000730827,0.999269123,4.94E-08,0.000730827,0.000730877,0.000730852
sofa --> spo2,Dubois-Prade,1.35E-07,0.999998332,1.53E-06,1.35E-07,1.67E-06,9.01E-07
sofa --> spo2,PCR5,0.000840604,0.999159396,6.67E-28,0.000840604,0.000840604,0.000840604
sofa --> trauma,Simple Average,0.050000625,0.8187489,0.131250475,0.050000625,0.1812511,0.115625862
sofa --> trauma,DST,1.95E-25,1,2.78E-27,1.95E-25,1.98E-25,1.96E-25
sofa --> trauma,Yager,1.00E-08,0.999998865,1.12E-06,1.00E-08,1.13E-06,5.73E-07
sofa --> trauma,Murphy,1.62E-06,0.999998244,1.33E-07,1.62E-06,1.76E-06,1.69E-06
sofa --> trauma,Dubois-Prade,1.00E-08,0.999998865,1.12E-06,1.00E-08,1.13E-06,5.73E-07
sofa --> trauma,PCR5,1.71E-08,0.999999983,1.80E-27,1.71E-08,1.71E-08,1.71E-08
spo2 --> copd,Simple Average,0.062500625,0.8187489,0.118750475,0.062500625,0.1812511,0.121875862
spo2 --> copd,DST,2.70E-25,1,2.60E-27,2.70E-25,2.72E-25,2.71E-25
spo2 --> copd,Yager,2.00E-08,0.999998745,1.23E-06,2.00E-08,1.25E-06,6.37E-07
spo2 --> copd,Murphy,1.89E-06,0.999998048,6.63E-08,1.89E-06,1.95E-06,1.92E-06
spo2 --> copd,Dubois-Prade,2.00E-08,0.999998745,1.23E-06,2.00E-08,1.25E-06,6.37E-07
spo2 --> copd,PCR5,1.66E-06,0.999998336,1.50E-27,1.66E-06,1.66E-06,1.66E-06
spo2 --> death,Simple Average,0.537499813,0.374999713,0.087500475,0.537499813,0.625000287,0.58125005
spo2 --> death,DST,0.000163305,0.999836756,1.04E-19,0.000163305,0.000163305,0.000163305
spo2 --> death,Yager,1.85E-06,0.129920746,0.8700774,1.85E-06,0.870079254,0.435040554
spo2 --> death,Murphy,0.917498997,0.082500868,1.35E-07,0.917498997,0.917499132,0.917499064
spo2 --> death,Dubois-Prade,1.85E-06,0.129920746,0.8700774,1.85E-06,0.870079254,0.435040554
spo2 --> death,PCR5,0.47211209,0.52788791,8.00E-28,0.47211209,0.47211209,0.47211209
spo2 --> fio2,Simple Average,0.543749625,0.3125,0.143750375,0.543749625,0.6875,0.615624813
spo2 --> fio2,DST,0.999999794,2.07E-07,7.81E-16,0.999999794,0.999999794,0.999999794
spo2 --> fio2,Yager,1.67E-06,0.287099818,0.71289851,1.67E-06,0.712900182,0.356450927
spo2 --> fio2,Murphy,0.963741776,0.036254703,3.52E-06,0.963741776,0.963745297,0.963743536
spo2 --> fio2,Dubois-Prade,1.67E-06,0.287099818,0.71289851,1.67E-06,0.712900182,0.356450927
spo2 --> fio2,PCR5,0.442651528,0.557348472,2.40E-22,0.442651528,0.442651528,0.442651528
spo2 --> hemoglobin,Simple Average,0.200000281,0.662499525,0.137500194,0.200000281,0.337500475,0.268750378
spo2 --> hemoglobin,DST,1.25E-13,1,3.27E-16,1.25E-13,1.25E-13,1.25E-13
spo2 --> hemoglobin,Yager,3.13E-07,0.950668756,0.049330931,3.13E-07,0.049331244,0.024665778
spo2 --> hemoglobin,Murphy,0.00100164,0.9989976,7.61E-07,0.00100164,0.0010024,0.00100202
spo2 --> hemoglobin,Dubois-Prade,3.13E-07,0.950668756,0.049330931,3.13E-07,0.049331244,0.024665778
spo2 --> hemoglobin,PCR5,0.002866335,0.997133665,3.00E-17,0.002866335,0.002866335,0.002866335
spo2 --> oxygenation,Simple Average,0.418749988,0.481249513,0.1000005,0.418749988,0.518750487,0.468750237
spo2 --> oxygenation,DST,3.00E-06,0.999997006,3.09E-20,3.00E-06,3.00E-06,3.00E-06
spo2 --> oxygenation,Yager,0.075187786,0.577687155,0.347125059,0.075187786,0.422312845,0.248750316
spo2 --> oxygenation,Murphy,0.286986405,0.713013048,5.47E-07,0.286986405,0.286986952,0.286986678
spo2 --> oxygenation,Dubois-Prade,0.075187786,0.577687155,0.347125059,0.075187786,0.422312845,0.248750316
spo2 --> oxygenation,PCR5,0.249984486,0.750015514,1.25E-27,0.249984486,0.249984486,0.249984486
spo2 --> pao2,Simple Average,0.281250275,0.643749225,0.0750005,0.281250275,0.356250775,0.318750525
spo2 --> pao2,DST,9.36E-18,1,1.71E-26,9.36E-18,9.36E-18,9.36E-18
spo2 --> pao2,Yager,3.60E-07,0.921048653,0.078950987,3.60E-07,0.078951347,0.039475853
spo2 --> pao2,Murphy,0.003629478,0.996370508,1.40E-08,0.003629478,0.003629492,0.003629485
spo2 --> pao2,Dubois-Prade,3.60E-07,0.921048653,0.078950987,3.60E-07,0.078951347,0.039475853
spo2 --> pao2,PCR5,0.028296788,0.971703212,3.75E-28,0.028296788,0.028296788,0.028296788
spo2 --> peep,Simple Average,0.287500012,0.42500015,0.287499838,0.287500012,0.57499985,0.431249931
spo2 --> peep,DST,0.052468805,0.947359308,0.000171887,0.052468805,0.052640692,0.052554749
spo2 --> peep,Yager,0.114497416,0.637579956,0.247922628,0.114497416,0.362420044,0.23845873
spo2 --> peep,Murphy,0.151974907,0.847429115,0.000595979,0.151974907,0.152570885,0.152272896
spo2 --> peep,Dubois-Prade,0.114497416,0.637579956,0.247922628,0.114497416,0.362420044,0.23845873
spo2 --> peep,PCR5,0.154090796,0.845899604,9.60E-06,0.154090796,0.154100396,0.154095596
spo2 --> sao2,Simple Average,0.2500005,0.468749531,0.281249969,0.2500005,0.531250469,0.390625484
spo2 --> sao2,DST,5.75E-12,1,1.14E-14,5.75E-12,5.76E-12,5.75E-12
spo2 --> sao2,Yager,7.18E-07,0.874122874,0.125876408,7.18E-07,0.125877126,0.062938922
spo2 --> sao2,Murphy,0.059250567,0.940381536,0.000367897,0.059250567,0.059618464,0.059434516
spo2 --> sao2,Dubois-Prade,7.18E-07,0.874122874,0.125876408,7.18E-07,0.125877126,0.062938922
spo2 --> sao2,PCR5,0.075996123,0.924003877,6.00E-16,0.075996123,0.075996123,0.075996123
spo2 --> smoker,Simple Average,0.081250625,0.8437489,0.075000475,0.081250625,0.1562511,0.118750862
spo2 --> smoker,DST,1.56E-25,1,9.36E-28,1.56E-25,1.57E-25,1.57E-25
spo2 --> smoker,Yager,5.00E-09,0.99999893,1.06E-06,5.00E-09,1.07E-06,5.38E-07
spo2 --> smoker,Murphy,6.98E-07,0.9999993,1.97E-09,6.98E-07,7.00E-07,6.99E-07
spo2 --> smoker,Dubois-Prade,5.00E-09,0.99999893,1.06E-06,5.00E-09,1.07E-06,5.38E-07
spo2 --> smoker,PCR5,2.89E-10,1,4.00E-28,2.89E-10,2.89E-10,2.89E-10
spo2 --> sofa,Simple Average,0.599999406,0.225000375,0.175000219,0.599999406,0.774999625,0.687499516
spo2 --> sofa,DST,1,8.12E-13,1.20E-15,1,1,1
spo2 --> sofa,Yager,0.180487358,0.137463377,0.682049265,0.180487358,0.862536623,0.52151199
spo2 --> sofa,Murphy,0.994989345,0.00500393,6.73E-06,0.994989345,0.99499607,0.994992708
spo2 --> sofa,Dubois-Prade,0.180487358,0.137463377,0.682049265,0.180487358,0.862536623,0.52151199
spo2 --> sofa,PCR5,0.618925571,0.381074429,7.50E-17,0.618925571,0.618925571,0.618925571
surgery --> paco2,Simple Average,0.243750187,0.568749625,0.187500187,0.243750187,0.431250375,0.337500281
surgery --> paco2,DST,6.73E-13,1,1.00E-15,6.73E-13,6.74E-13,6.73E-13
surgery --> paco2,Yager,4.06E-07,0.93215504,0.067844554,4.06E-07,0.06784496,0.033922683
surgery --> paco2,Murphy,0.011044234,0.988941645,1.41E-05,0.011044234,0.011058355,0.011051294
surgery --> paco2,Dubois-Prade,4.06E-07,0.93215504,0.067844554,4.06E-07,0.06784496,0.033922683
surgery --> paco2,PCR5,0.012449516,0.987550484,7.50E-17,0.012449516,0.012449516,0.012449516
surgery --> smoker,Simple Average,0.043750625,0.849998888,0.106250487,0.043750625,0.150001112,0.096875869
surgery --> smoker,DST,3.70E-26,1,4.39E-28,3.70E-26,3.74E-26,3.72E-26
surgery --> smoker,Yager,5.00E-09,0.999998935,1.06E-06,5.00E-09,1.06E-06,5.35E-07
surgery --> smoker,Murphy,3.43E-07,0.999999633,2.32E-08,3.43E-07,3.67E-07,3.55E-07
surgery --> smoker,Dubois-Prade,5.00E-09,0.999998935,1.06E-06,5.00E-09,1.06E-06,5.35E-07
surgery --> smoker,PCR5,1.52E-10,1,3.00E-28,1.52E-10,1.52E-10,1.52E-10
surgery --> trauma,Simple Average,0.168750525,0.6687491,0.162500375,0.168750525,0.3312509,0.250000712
surgery --> trauma,DST,1.68E-23,1,2.02E-31,1.68E-23,1.68E-23,1.68E-23
surgery --> trauma,Yager,9.70E-08,0.999998292,1.61E-06,9.70E-08,1.71E-06,9.03E-07
surgery --> trauma,Murphy,0.00063339,0.999364478,2.13E-06,0.00063339,0.000635522,0.000634456
surgery --> trauma,Dubois-Prade,9.70E-08,0.999998292,1.61E-06,9.70E-08,1.71E-06,9.03E-07
surgery --> trauma,PCR5,0.002700238,0.997299762,2.00E-32,0.002700238,0.002700238,0.002700238
trauma --> age,Simple Average,0.231250062,0.581249688,0.18750025,0.231250062,0.418750312,0.325000187
trauma --> age,DST,3.00E-08,0.99999997,5.73E-16,3.00E-08,3.00E-08,3.00E-08
trauma --> age,Yager,2.45E-07,0.966505731,0.033494025,2.45E-07,0.033494269,0.016747257
trauma --> age,Murphy,0.007679099,0.992308473,1.24E-05,0.007679099,0.007691527,0.007685313
trauma --> age,Dubois-Prade,2.45E-07,0.966505731,0.033494025,2.45E-07,0.033494269,0.016747257
trauma --> age,PCR5,0.004490904,0.995509096,5.62E-17,0.004490904,0.004490904,0.004490904
trauma --> fio2,Simple Average,0.449999813,0.262500187,0.2875,0.449999813,0.737499813,0.593749813
trauma --> fio2,DST,0.909413524,0.090586472,3.76E-09,0.909413524,0.909413528,0.909413526
trauma --> fio2,Yager,0.526375501,0.138543163,0.335081335,0.526375501,0.861456837,0.693916169
trauma --> fio2,Murphy,0.912635236,0.086877756,0.000487008,0.912635236,0.913122244,0.91287874
trauma --> fio2,Dubois-Prade,0.526375501,0.138543163,0.335081335,0.526375501,0.861456837,0.693916169
trauma --> fio2,PCR5,0.747977907,0.252022092,2.50E-10,0.747977907,0.747977908,0.747977908
trauma --> gender,Simple Average,0.1000005,0.749999138,0.150000362,0.1000005,0.250000862,0.175000681
trauma --> gender,DST,1.76E-20,1,1.23E-22,1.76E-20,1.77E-20,1.77E-20
trauma --> gender,Yager,0.001500644,0.399499778,0.598999578,0.001500644,0.600500222,0.301000433
trauma --> gender,Murphy,3.49E-05,0.999964553,5.95E-07,3.49E-05,3.54E-05,3.51E-05
trauma --> gender,Dubois-Prade,0.001500644,0.399499778,0.598999578,0.001500644,0.600500222,0.301000433
trauma --> gender,PCR5,0.22500492,0.77499508,4.00E-23,0.22500492,0.22500492,0.22500492
trauma --> lactate,Simple Average,0.629166354,0.135416917,0.235416729,0.629166354,0.864583083,0.746874719
trauma --> lactate,DST,0.999999988,1.18E-08,1.02E-10,0.999999988,0.999999988,0.999999988
trauma --> lactate,Yager,0.597112045,0.069554622,0.333333333,0.597112045,0.930445378,0.763778712
trauma --> lactate,Murphy,0.998855818,0.001113999,3.02E-05,0.998855818,0.998886001,0.998870909
trauma --> lactate,Dubois-Prade,0.597112045,0.069554622,0.333333333,0.597112045,0.930445378,0.763778712
trauma --> lactate,PCR5,0.901266941,0.098733059,3.00E-11,0.901266941,0.901266941,0.901266941
trauma --> paco2,Simple Average,0.237500212,0.574999625,0.187500162,0.237500212,0.425000375,0.331250294
trauma --> paco2,DST,7.41E-13,1,6.34E-16,7.41E-13,7.42E-13,7.41E-13
trauma --> paco2,Yager,5.16E-07,0.875835842,0.124163642,5.16E-07,0.124164158,0.062082337
trauma --> paco2,Murphy,0.009216199,0.990770555,1.32E-05,0.009216199,0.009229445,0.009222822
trauma --> paco2,Dubois-Prade,5.16E-07,0.875835842,0.124163642,5.16E-07,0.124164158,0.062082337
trauma --> paco2,PCR5,0.016499453,0.983500547,5.60E-17,0.016499453,0.016499453,0.016499453
trauma --> peep,Simple Average,0.4125,0.293750175,0.293749825,0.4125,0.706249825,0.559374913
trauma --> peep,DST,0.775507652,0.22415561,0.000336737,0.775507652,0.77584439,0.775676021
trauma --> peep,Yager,0.165990076,0.561329603,0.272680322,0.165990076,0.438670397,0.302330236
trauma --> peep,Murphy,0.813337841,0.185933013,0.000729146,0.813337841,0.814066987,0.813702414
trauma --> peep,Dubois-Prade,0.165990076,0.561329603,0.272680322,0.165990076,0.438670397,0.302330236
trauma --> peep,PCR5,0.440714018,0.559270982,1.50E-05,0.440714018,0.440729018,0.440721518
trauma --> sofa,Simple Average,0.606249838,0.14375025,0.249999913,0.606249838,0.85624975,0.731249794
trauma --> sofa,DST,0.998694477,0.00128184,2.37E-05,0.998694477,0.99871816,0.998706318
trauma --> sofa,Yager,0.748829022,0.061038326,0.190132652,0.748829022,0.938961674,0.843895348
trauma --> sofa,Murphy,0.998004197,0.001943095,5.27E-05,0.998004197,0.998056905,0.998030551
trauma --> sofa,Dubois-Prade,0.748829022,0.061038326,0.190132652,0.748829022,0.938961674,0.843895348
trauma --> sofa,PCR5,0.949995298,0.049998303,6.40E-06,0.949995298,0.950001697,0.949998498
trauma --> surgery,Simple Average,0.643749813,0.100000375,0.256249813,0.643749813,0.899999625,0.771874719
trauma --> surgery,DST,0.999999998,1.49E-09,1.26E-11,0.999999998,0.999999999,0.999999998
trauma --> surgery,Yager,0.924487451,0.007195015,0.068317534,0.924487451,0.992804985,0.958646218
trauma --> surgery,Murphy,0.999397636,0.0005592,4.32E-05,0.999397636,0.9994408,0.999419218
trauma --> surgery,Dubois-Prade,0.924487451,0.007195015,0.068317534,0.924487451,0.992804985,0.958646218
trauma --> surgery,PCR5,0.995071316,0.004928684,5.00E-12,0.995071316,0.995071316,0.995071316
vt --> gender,Simple Average,0.01875075,0.812499025,0.168750225,0.01875075,0.187500975,0.103125862
vt --> gender,DST,7.37E-26,1,1.17E-27,7.37E-26,7.49E-26,7.43E-26
vt --> gender,Yager,5.00E-09,0.999998935,1.06E-06,5.00E-09,1.06E-06,5.35E-07
vt --> gender,Murphy,1.01E-06,0.999998223,7.65E-07,1.01E-06,1.78E-06,1.39E-06
vt --> gender,Dubois-Prade,5.00E-09,0.999998935,1.06E-06,5.00E-09,1.06E-06,5.35E-07
vt --> gender,PCR5,1.52E-10,1,1.00E-27,1.52E-10,1.52E-10,1.52E-10
vt --> pao2,Simple Average,0.474999956,0.337500137,0.187499906,0.474999956,0.662499863,0.568749909
vt --> pao2,DST,0.681380885,0.318574752,4.44E-05,0.681380885,0.681425248,0.681403067
vt --> pao2,Yager,0.049729622,0.471851824,0.478418553,0.049729622,0.528148176,0.288938899
vt --> pao2,Murphy,0.865405878,0.134558497,3.56E-05,0.865405878,0.865441503,0.86542369
vt --> pao2,Dubois-Prade,0.049729622,0.471851824,0.478418553,0.049729622,0.528148176,0.288938899
vt --> pao2,PCR5,0.347473905,0.652525861,2.34E-07,0.347473905,0.347474139,0.347474022
